traits_list	Freq
""Alzheimer<c3><95>s disease	2
""Benign neoplasm of colon	6
""Benign neoplasm: Colon	8
""Diabetes	4
""Parkinson's disease	1
1-arachidonoylglycerophosphocholine*	7
1-arachidonoylglycerophosphoethanolamine*	8
1-arachidonoylglycerophosphoinositol*	7
1-eicosadienoylglycerophosphocholine*	6
1-eicosatrienoylglycerophosphocholine*	6
1-linoleoylglycerophosphocholine	6
1-linoleoylglycerophosphoethanolamine*	8
1-oleoylglycerophosphoethanolamine	1
1-palmitoylglycerophosphoethanolamine	1
1-stearoylglycerophosphoethanolamine	1
18:2	15
2-linoleoylglycerophosphocholine*	6
22:6	13
25 hydroxyvitamin D level	6
3-Hydroxybutyrate	5
3-Hydroxybutyrate levels	5
4-acetamidobutanoate	1
Able to confide	1
Acceptance of an invitation to participate in a mental health questionnaire	2
Acetoacetate	5
Acetoacetate levels	6
Activated partial thromboplastin time	1
Added milk to filtered coffee	1
Added salt consumption	7
Adhesion G protein-coupled receptor F5	1
Adhesion G-protein coupled receptor F1	2
adjusted by medication	1
adjusted for sex	2
ADP-ribosylation factor-like protein 1	2
Adrenate (22:4n6)	7
Adult BMI females	2
Adult BMI sex-combined	3
Age completed full time education	1
Age hayfever or allergic rhinitis diagnosed by doctor	1
Agouti-related protein levels	1
Alanine aminotransferase	15
Alanine aminotransferase levels	16
Alanine aminotransferase levels (UKB data field 30620)	7
Albumin	9
Albumin levels (UKB data field 30600)	12
Albumin/globulin ratio	10
Alcohol-related hepatocellular carcinoma	2
Alkaline phosphatase	22
Alkaline phosphatase levels (UKB data field 30610)	24
allergic rhinitis or eczema	1
allergy diagnosed by doctor: Asthma	8
allergy diagnosed by doctor: Blood clot in the leg (DVT)	1
allergy diagnosed by doctor: Blood clot in the lung	1
allergy diagnosed by doctor: Hayfever	1
allergy diagnosed by doctor: None of the above	9
Alzheimer disease	4
Alzheimer disease (more controls excluded)	2
Alzheimer's disease	2
Alzheimer's disease (late onset)	2
Alzheimer's disease or family history of Alzheimer's disease	1
Alzheimer<c3><95>s disease	2
Alzheimer<c3><95>s disease (Atypical or mixed)	2
Alzheimer<c3><95>s disease (Atypical or mixed) (more controls excluded)	2
Alzheimer<c3><95>s disease (Early onset)	2
Alzheimer<c3><95>s disease (Early onset) (more controls excluded)	2
Alzheimer<c3><95>s disease (Late onset)	2
Alzheimer<c3><95>s disease (Late onset) (more controls excluded)	2
Alzheimer<c3><95>s disease (undefined)	2
Alzheimer<c3><95>s disease (undefined) (more controls excluded)	2
AmygNuclei_lh_volume_Accessory-Basal-nucleus	1
Amyloid beta A4 precursor protein-binding family B member 2	1
Angina	1
Angina (Firth correction)	1
Angina (SPA correction)	1
Angina pectoris	1
Angiopoietin-1 receptor levels	1
Ankle spacing width	3
Ankle spacing width (left)	2
Ankle spacing width (right)	2
Annexin A9	1
Antihypertensive medication - note that there are other indications	1
anus and anal canal	3
anus and anal canal"" (all cancers excluded)	6
Any dementia	2
Any dementia (more controls excluded)	2
Any mental disorder	4
aparc-a2009s_lh_thickness_G-front-sup	1
aparc-a2009s_rh_thickness_G-front-sup	1
aparc-a2009s_rh_thickness_G-postcentral	2
aparc-a2009s_rh_thickness_G-temp-sup-Lateral	4
aparc-a2009s_rh_thickness_G+S-transv-frontopol	6
aparc-Desikan_lh_thickness_superiorfrontal	1
aparc-Desikan_rh_area_caudalanteriorcingulate	1
aparc-Desikan_rh_thickness_caudalmiddlefrontal	1
aparc-Desikan_rh_thickness_superiorfrontal	1
aparc-DKTatlas_lh_thickness_superiorfrontal	1
aparc-DKTatlas_rh_area_caudalanteriorcingulate	1
aparc-DKTatlas_rh_thickness_entorhinal	3
aparc-DKTatlas_rh_thickness_superiorfrontal	2
aparc-pial_rh_area_cuneus	1
Apo E plasma levels	1
Apolipoprotein A	4
Apolipoprotein A levels (UKB data field 30630)	17
apolipoprotein A-I	17
Apolipoprotein A-I	13
Apolipoprotein A1	16
Apolipoprotein A1 levels	16
apolipoprotein B	16
Apolipoprotein B	18
Apolipoprotein B levels	17
Apolipoprotein B levels (UKB data field 30640)	20
Apolipoprotein D	1
Apolipoprotein E (isoform E2)	1
Apolipoprotein E (isoform E3)	1
Apoliprotein A	19
Apoliprotein B	20
Appendicular lean mass	13
Arachidonate (20:4n6)	7
Arm fat mass (left)	2
Arm fat mass (right)	2
Arm fat percentage (left)	3
Arm fat percentage (right)	3
Arm fat-free mass (left)	4
Arm fat-free mass (right)	4
Arm predicted mass (left)	5
Arm predicted mass (right)	4
Arthrosis	1
Artrosis	1
aseg_global_volume_4th-Ventricle	4
aseg_lh_number_HolesBeforeFixing	1
aseg_lh_volume_Accumbens-area	2
aseg_lh_volume_Cerebellum-Cortex	8
aseg_lh_volume_Thalamus-Proper	1
aseg_rh_intensity_Amygdala	1
aseg_rh_number_HolesBeforeFixing	1
aseg_rh_volume_Accumbens-area	1
aseg_rh_volume_Cerebellum-Cortex	8
aseg_rh_volume_Thalamus-Proper	1
Aspartate aminotransferase	4
Aspartate aminotransferase levels	9
Aspartate aminotransferase levels (UKB data field 30650)	4
asthma	20
Asthma	8
Asthma (adult onset)	8
Asthma (Firth correction)	8
Asthma (SPA correction)	8
Autoimmune traits	8
automated	10
automated (left)	3
automated (right)	8
automated reading	15
Average diameter for HDL particles	18
Average diameter for LDL particles	8
Average diameter for VLDL particles	18
Average number of double bonds in a fatty acid chain	9
Average number of methylene groups in a fatty acid chain	9
Average number of methylene groups per double bond	9
Average weekly beer plus cider intake	1
Average weekly champagne plus white wine intake	8
BA-exvivo_rh_area_V1	1
BA-exvivo_rh_area_V2	1
BA-exvivo_rh_thickness_BA1	1
Balding type 1	9
Balding type 4	8
Basal Cell Adhesion Molecule	1
Basal metabolic rate	5
basophil cell count	1
Basophil count	9
because of other reasons	1
Beef consumption	1
Beef intake	1
before greying): Blonde	9
before greying): Dark brown	1
before greying): Light brown	1
Benign neoplasm of colon	3
Benign neoplasm: Colon	11
Benign neoplasm: Colon (all cancers excluded)	7
Best measure	3
Beta-1,3-N-acetylglucosaminyltransferase radical fringe	2
Beta-1,4-galactosyltransferase 1	1
Beta-defensin 119	1
Beta-soluble NSF attachment protein	2
biliary tract and pancreas	10
Bilirubin levels	4
Bioavailable Testosterone	1
Bioavailable testosterone levels	3
bipolar disorder	6
Bipolar disorder bip2021	8
Bipolar disorder bip2021 noUKBB	8
Bipolar disorder vs anorexia nervosa (ordinary least squares (OLS))	3
Bipolar disorder vs autism spectrum disorder (ordinary least squares (OLS))	2
Birth weight of first child	2
Blood clot	20
Blood clot  DVT  bronchitis  emphysema  asthma  rhinitis  eczema  allergy diagnosed by doctor: Asthma	8
Blood clot  DVT  bronchitis  emphysema  asthma  rhinitis  eczema  allergy diagnosed by doctor: Blood clot in the leg (DVT)	1
Blood clot  DVT  bronchitis  emphysema  asthma  rhinitis  eczema  allergy diagnosed by doctor: Blood clot in the lung	1
Blood clot  DVT  bronchitis  emphysema  asthma  rhinitis  eczema  allergy diagnosed by doctor: None of the above	7
Blood glucose levels	4
blood pressure	14
blood pressure or diabetes: Cholesterol lowering medication	8
blood pressure or diabetes: None of the above	1
Blood sugar	8
Blood urea nitrogen levels	5
Body fat	1
Body fat percentage	3
Body fat percentage (UKB data field 23099)	3
body mass index	3
Body mass index	4
Body mass index (BMI)	4
Body mass index (UKB data field 21001)	3
Bone mineral density	10
Breast cancer	1
Breathing problems during period of job: Yes	2
Breathing problems responsible for leaving job: No	5
broad definition with cholecystitis	10
bronchitis	20
Bronchitis	4
C reactive protein levels (UKB data field 30710)	10
C-C motif chemokine 25	1
C-C motif chemokine 28	1
C-reactive protein	9
C-Reactive protein level	1
C-reactive protein levels	20
C-reactive protein measurement	2
C1GALT1-specific chaperone 1	1
Cadherin-1	1
Cadherin-5	1
Cadherin-related family member 5	1
Calcium	3
Calcium levels	8
Calcium levels (UKB data field 30680)	12
Cancer of skin	4
Carbohydrate sulfotransferase 11	1
Carbohydrate sulfotransferase 15	1
Cardiac problem	1
Cardiotrophin-1	2
Cardiovascular disease	4
Cardiovascular diseases (excluding rheumatic etc)	1
Carpal tunnel syndrome	1
Casein kinase I isoform delta	1
Catechol O-methyltransferase levels	1
Catechol O-methyltransferase measurement	1
Cathepsin D levels	2
Cathepsin S	1
CD209 antigen	1
Cell surface glycoprotein CD200 receptor 2	1
Centrosomal protein of 57 kDa	1
Ceramide_40:1_[M-H]1- levels	3
Ceramide_41:1_[M-H]1- levels	3
Ceramide_42:1_[M-H]1- levels	3
Ceramide_42:1_[M+H]1+ levels	3
Ceramide_42:1_[M+OAc]1- levels	3
Ceramide_42:2_[M+H]1+ levels	2
Ceramide(42:11)_[M+OAc]1- levels	1
Cereal intake	5
Cereal type: Other (e.g. Cornflakes	1
Champagne or white wine consumption	1
Cheese intake	1
Chloride intracellular channel protein 5	1
Cholelithiasis	20
Cholelithiasis gall stones (Firth correction)	9
Cholelithiasis gall stones (SPA correction)	9
Cholesterol	37
Cholesterol esters in large HDL	14
Cholesterol esters in large VLDL	4
Cholesterol esters in medium LDL	1
Cholesterol esters in medium VLDL	4
Cholesterol esters in very large HDL	13
Cholesterol in chylomicrons and extremely large VLDL	14
Cholesterol in IDL	20
Cholesterol in large HDL	16
Cholesterol in large LDL	18
Cholesterol in large VLDL	15
Cholesterol in medium HDL	16
Cholesterol in medium LDL	14
Cholesterol in medium VLDL	18
Cholesterol in small HDL	10
Cholesterol in small LDL	14
Cholesterol in small VLDL	8
Cholesterol in very large HDL	17
Cholesterol in very large VLDL	15
Cholesterol in very small VLDL	18
Cholesterol levels (UKB data field 30690)	22
Cholesterol levels in chylomicrons and extremely large VLDL	14
Cholesterol levels in IDL	19
Cholesterol levels in large HDL	16
Cholesterol levels in large LDL	17
Cholesterol levels in large VLDL	15
Cholesterol levels in medium HDL	16
Cholesterol levels in medium LDL	13
Cholesterol levels in medium VLDL	17
Cholesterol levels in small HDL	9
Cholesterol levels in small LDL	13
Cholesterol levels in small VLDL	7
Cholesterol levels in very large HDL	17
Cholesterol levels in very large VLDL	15
Cholesterol levels in very small VLDL	17
Cholesterol lowering medication use (UKB data field 6177_1) (Firth correction)	9
Cholesterol lowering medication use (UKB data field 6177_1) (SPA correction)	9
Cholesterol to total lipids ratio in chylomicrons and extremely large VLDL	5
Cholesterol to total lipids ratio in IDL	19
Cholesterol to total lipids ratio in large HDL	16
Cholesterol to total lipids ratio in large LDL	17
Cholesterol to total lipids ratio in large VLDL	16
Cholesterol to total lipids ratio in medium HDL	20
Cholesterol to total lipids ratio in medium LDL	17
Cholesterol to total lipids ratio in medium VLDL	18
Cholesterol to total lipids ratio in small HDL	18
Cholesterol to total lipids ratio in small LDL	10
Cholesterol to total lipids ratio in small VLDL	14
Cholesterol to total lipids ratio in very large HDL	17
Cholesterol to total lipids ratio in very large VLDL	20
Cholesterol to total lipids ratio in very small VLDL	20
Cholesterol_[M+H-H2O]1+ levels	4
Cholesteryl ester levels in chylomicrons and extremely large VLDL	15
Cholesteryl ester levels in HDL	17
Cholesteryl ester levels in IDL	19
Cholesteryl ester levels in large HDL	16
Cholesteryl ester levels in large LDL	17
Cholesteryl ester levels in large VLDL	7
Cholesteryl ester levels in LDL	16
Cholesteryl ester levels in medium HDL	16
Cholesteryl ester levels in medium LDL	12
Cholesteryl ester levels in medium VLDL	17
Cholesteryl ester levels in small HDL	9
Cholesteryl ester levels in small LDL	10
Cholesteryl ester levels in small VLDL	7
Cholesteryl ester levels in very large HDL	17
Cholesteryl ester levels in very large VLDL	15
Cholesteryl ester levels in very small VLDL	17
Cholesteryl ester levels in VLDL	7
Cholesteryl ester_14:0_[M+NH4]1+ levels	3
Cholesteryl ester_15:0_[M+NH4]1+ levels	3
Cholesteryl ester_16:0_[M+NH4]1+ levels	3
Cholesteryl ester_17:0_[M+NH4]1+ levels	3
Cholesteryl ester_18:0_[M+NH4]1+ levels	1
Cholesteryl ester_18:1_[M+NH4]1+ levels	3
Cholesteryl ester_18:2_[M+NH4]1+ levels	4
Cholesteryl ester_18:3_[M+NH4]1+ levels	4
Cholesteryl ester_20:3_[M+NH4]1+ levels	3
Cholesteryl ester_20:5_[M+NH4]1+ levels	3
Cholesteryl ester_22:5_[M+NH4]1+ levels	3
Cholesteryl ester_22:6_[M+NH4]1+ levels	3
Cholesteryl ester(16:0)_[M+NH4]1+ levels	8
Cholesteryl ester(18:0)_[M+NH4]1+ levels	1
Cholesteryl ester(18:1)_[M+NH4]1+ levels	1
Cholesteryl ester(18:2)_[M+NH4]1+ levels	1
Cholesteryl ester(18:3)_[M+NH4]1+ levels	9
Cholesteryl ester(20:3)_[M+NH4]1+ levels	1
Cholesteryl ester(20:4)_[M+NH4]1+ levels	9
Cholesteryl ester(20:5)_[M+NH4]1+ levels	9
Cholesteryl esters in chylomicrons and extremely large VLDL	15
Cholesteryl esters in HDL	17
Cholesteryl esters in IDL	20
Cholesteryl esters in large HDL	16
Cholesteryl esters in large LDL	18
Cholesteryl esters in large VLDL	8
Cholesteryl esters in LDL	18
Cholesteryl esters in medium HDL	16
Cholesteryl esters in medium LDL	13
Cholesteryl esters in medium VLDL	18
Cholesteryl esters in small HDL	10
Cholesteryl esters in small LDL	11
Cholesteryl esters in small VLDL	8
Cholesteryl esters in very large HDL	17
Cholesteryl esters in very large VLDL	16
Cholesteryl esters in very small VLDL	18
Cholesteryl esters in VLDL	8
Cholesteryl esters to total lipids ratio in chylomicrons and extremely large VLDL	6
Cholesteryl esters to total lipids ratio in IDL	17
Cholesteryl esters to total lipids ratio in large HDL	20
Cholesteryl esters to total lipids ratio in large LDL	15
Cholesteryl esters to total lipids ratio in large VLDL	16
Cholesteryl esters to total lipids ratio in medium HDL	20
Cholesteryl esters to total lipids ratio in medium LDL	11
Cholesteryl esters to total lipids ratio in medium VLDL	18
Cholesteryl esters to total lipids ratio in small HDL	9
Cholesteryl esters to total lipids ratio in small LDL	20
Cholesteryl esters to total lipids ratio in small VLDL	18
Cholesteryl esters to total lipids ratio in very large HDL	17
Cholesteryl esters to total lipids ratio in very large VLDL	20
Cholesteryl esters to total lipids ratio in very small VLDL	20
Chronic diseases of tonsils and adenoids	1
Citrate	10
Citrate levels	9
Clinical LDL cholesterol	14
Clinical LDL cholesterol levels	13
CMP-N-acetylneuraminate-poly-alpha-2,8-sialyltransferase	1
Coagulation Factor VIII	1
Coagulation Factor VIII measurement	1
Coagulation Factor X measurement	1
Coagulation factor Xa measurement	1
Codeine or tramadol medication	2
Coffee consumed	1
Coffee consumption (cups per day)	2
Coffee intake	2
Coffee type: Ground coffee (include espresso	1
Coffee type: Instant coffee	1
Cognitive performance	8
Cold shock domain-containing protein C2	1
Collectin-10	1
Collinsella abundance in stool	1
Colorectal cancer	8
Colorectal Cancer	8
Comparative height size at age 10	2
Complement factor H measurement	1
Concentration of chylomicrons and extremely large VLDL particles	14
Concentration of chylomicrons and largest VLDL particles	3
Concentration of HDL particles	18
Concentration of IDL particles	20
Concentration of large HDL particles	17
Concentration of large LDL particles	18
Concentration of large VLDL particles	15
Concentration of LDL particles	18
Concentration of medium HDL particles	16
Concentration of medium LDL particles	15
Concentration of medium VLDL particles	10
Concentration of small HDL particles	9
Concentration of small LDL particles	18
Concentration of small VLDL particles	12
Concentration of very large HDL particles	15
Concentration of very large VLDL particles	16
Concentration of very small VLDL particles	18
Concentration of VLDL particles	10
constipation	1
COPD differential diagnosis	8
Coronary artery disease	4
Coronary artery disease (Firth correction)	1
Coronary artery disease (SPA correction)	1
Coronary atherosclerosis	1
Coronary heart disease	2
COVID-19 (hospitalized vs population) RELEASE 4	1
COVID-19 (hospitalized vs population) RELEASE 5	1
COVID-19 (RELEASE 4)	1
COVID-19 (RELEASE 5)	1
COVID-19 (very severe respiratory confirmed vs population) RELEASE 5	1
Coxarthrosis	1
Creatine kinase	1
Creatinine	17
Creatinine (enzymatic) in urine	2
Creatinine enzymatic in urine (UKB data field 30510)	2
Creatinine levels	4
Creatinine levels (UKB data field 30700)	17
Crohn's disease	8
Crohn's disease vs rheumatoid arthritis (ordinary least squares (OLS))	7
CUB and zona pellucida-like domain-containing protein 1	2
Cystatin C	14
Cystatin C levels	4
Cystatin C levels (UKB data field 30720)	13
Cytoskeleton-associated protein 2	1
D-glucuronyl C5-epimerase	1
Daytime nap	9
Decaffeinated coffee consumption	1
Deep venous thrombosis	1
definitions combined	7
Degree of unsaturation	20
Delirium	1
Dementia	4
Dementia in Alzheimer disease	2
Deoxycytidine kinase	2
Desmoglein-2	1
diabetes	14
Diabetes	10
Diabetes diagnosed by doctor	4
Diabetes mellitus	4
Diabetes or endocrine disease	8
Diacylglycerol_34:1_[M+H-H2O]1+ levels	1
Diacylglycerol_34:2_[M+H-H2O]1+ levels	4
Diacylglycerol_34:3_[M+H-H2O]1+ levels	1
Diacylglycerol_36:1_[M+H-H2O]1+ levels	1
Diacylglycerol_36:2_[M+H-H2O]1+ levels	4
Diacylglycerol_36:2_[M+NH4]1+ levels	1
Diacylglycerol_36:3_[M+H-H2O]1+ levels	4
Diacylglycerol_36:3_[M+NH4]1+ levels	4
Diacylglycerol_36:4_[M+H-H2O]1+ levels	1
Diacylglycerol_36:4_[M+NH4]1+ levels	1
Diacylglycerol_38:3_[M+H-H2O]1+ levels	5
Diacylglycerol_38:4_[M+H-H2O]1+ levels	3
Diacylglycerol_38:5_[M+H-H2O]1+ levels	5
Diacylglycerol_38:6_[M+H-H2O]1+ levels	5
Diacylglycerol_44:6_[M+H-H2O]1+ levels	3
Diacylglycerol(34:2)_[M+H-H2O]1+ levels	9
Diacylglycerol(36:2)_[M+H-H2O]1+ levels	10
Diacylglycerol(36:2)_[M+NH4]1+ levels	1
Diacylglycerol(36:3)_[M+H-H2O]1+ levels	9
Diacylglycerol(36:3)_[M+NH4]1+ levels	1
Diacylglycerol(36:4)_[M+H-H2O]1+ levels	1
Diacylglycerol(36:4)_[M+NH4]1+ levels	1
Diacylglycerol(44:6)_[M+H-H2O]1+ levels	8
Diagnoses - main ICD10: G56 Mononeuropathies of upper limb	1
Diagnoses - main ICD10: G56.0 Carpal tunnel syndrome	1
Diagnoses - main ICD10: I25 Chronic ischaemic heart disease	1
Diagnoses - main ICD10: I25.1 Atherosclerotic heart disease	1
Diagnoses - main ICD10: I26 Pulmonary embolism	1
Diagnoses - main ICD10: I26.9 Pulmonary embolism without mention of acute cor pulmonale	1
Diagnoses - main ICD10: I80 Phlebitis and thrombophlebitis	1
Diagnoses - main ICD10: I80.2 Phlebitis and thrombophlebitis of other deep vessels of lower extremities	1
Diagnoses - main ICD10: I84 Haemorrhoids	1
Diagnoses - main ICD10: I84.8 Unspecified haemorrhoids with other complications	1
Diagnoses - main ICD10: I84.9 Unspecified haemorrhoids without complication	1
Diagnoses - main ICD10: K57.3 Diverticular disease of large intestine without perforation or abscess	1
Diagnoses - secondary ICD10: E03.9 Hypothyroidism	8
Diagnoses - secondary ICD10: E78.0 Pure hypercholesterolaemia	3
Diagnoses - secondary ICD10: E78.5 Hyperlipidaemia	1
Diagnoses - secondary ICD10: I20.9 Angina pectoris	1
Diagnoses - secondary ICD10: I25.1 Atherosclerotic heart disease	1
Diagnoses - secondary ICD10: Z86.7 Personal history of diseases of the circulatory system	1
Diagnoses - secondary ICD10: Z92.1 Personal history of long-term (current) use of anticoagulants	1
Diagnoses - secondary ICD10: Z95.1 Presence of aortocoronary bypass graft	1
diastolic blood pressure	3
Diastolic blood pressure	15
Diastolic blood pressure  automated reading	1
Diastolic blood pressure automated reading (UKB data field 4079)	2
Dihomo-linolenate (20:3n3 or n6)	6
Dihydrofolate reductase	1
Dipeptidase 2	1
Direct bilirubin	10
Direct bilirubin levels	5
Direct bilirubin levels (UKB data field 30660)	21
direct entry	11
direct entry (left)	3
direct entry (right)	8
Direct low density lipoprotein cholesterol levels	5
Direct low density lipoprotein levels (UKB data field 30780)	19
disability or infirmity	1
Diseases of liver	1
diseases of pulmonary circulation	1
Diseases of the circulatory system	1
Diseases of the respiratory system	1
Diseases of veins	2
Disintegrin and metalloproteinase domain-containing protein 11	1
Disorders of gallbladder	10
Disorders of lipoprotein metabolism and other lipidaemias	1
DNA-directed RNA polymerases I and III subunit RPAC1	1
DNA/RNA-binding protein KIN17	2
DnaJ homolog subfamily C member 27	1
docosahexaenoic acid	13
Docosahexaenoic acid	17
Docosahexaenoic acid levels	17
Docosapentaenoate (n3 DPA; 22:5n3)	6
Dried fruit consumption	2
Dried fruit intake	1
Drink temperature	1
Drinking water intake	1
Duodenal ulcer	1
Duration of heavy DIY	1
Duration of moderate activity	1
DVT	20
DVT of lower extremities	1
DVT of lower extremities (no controls excluded)	1
DVT of lower extremities and pulmonary embolism	1
E Selectin plasma levels	1
E-selectin	1
E-selectin levels	1
Ease of skin tanning	1
ECG	3
eczema	20
Eczema	1
EGF and pentraxin domain-containing protein 1 measurement	1
Eicosapentaenoate (EPA; 20:5n3)	7
emotional state and behaviour	2
emphysema	20
ENSG00000005882	2
ENSG00000055118	1
ENSG00000062282	2
ENSG00000064489	2
ENSG00000064547	2
ENSG00000072310	6
ENSG00000079459	6
ENSG00000088826	4
ENSG00000099194	7
ENSG00000099889	1
ENSG00000100031	1
ENSG00000100346	6
ENSG00000104549	7
ENSG00000105726	2
ENSG00000106546	2
ENSG00000109107	2
ENSG00000112972	6
ENSG00000114021	1
ENSG00000114354	1
ENSG00000116133	7
ENSG00000124920	9
ENSG00000128923	1
ENSG00000129116	1
ENSG00000129933	2
ENSG00000130164	7
ENSG00000130202	2
ENSG00000132142	6
ENSG00000134765	6
ENSG00000134824	8
ENSG00000134825	9
ENSG00000135535	6
ENSG00000137845	1
ENSG00000144820	1
ENSG00000148288	1
ENSG00000148296	1
ENSG00000148297	1
ENSG00000148730	1
ENSG00000149485	9
ENSG00000154174	1
ENSG00000160179	6
ENSG00000165029	6
ENSG00000166035	2
ENSG00000166501	4
ENSG00000167491	2
ENSG00000167995	8
ENSG00000167996	8
ENSG00000171115	1
ENSG00000175164	1
ENSG00000178026	1
ENSG00000181458	1
ENSG00000184220	1
ENSG00000186480	7
ENSG00000188677	6
ENSG00000198382	2
ENSG00000198911	6
ENSG00000215481	1
ENSG00000223622	1
ENSG00000237773	1
ENSG00000250067	2
ENSG00000254901	1
ENSG00000255507	2
ENSG00000256229	2
ENSG00000259250	1
eosinophil cell count	12
Eosinophil counts	13
Eosinophil percentage of white cells	11
Eosinophill count (UKB data field 30150)	11
Eosinophill percentage	10
Epididymal-specific lipocalin-10	2
Epididymis-specific alpha-mannosidase	1
Estimated glomerular filtration rate	8
Estimated glomerular filtration rate (creatinine)	13
Estimated glomerular filtration rate (cystatin c)	11
Estimated glomerular filtration rate (eGFR)	8
Estradiol levels	1
Estrogen sulfotransferase	2
Facial ageing	11
Faecalicatena lactaris abundance in stool	1
Familial combined hyperlipidemia defined by Brunzell criteria	3
Familial combined hyperlipidemia defined by Consensus criteria	10
Familial combined hyperlipidemia defined by Dutch criteria	16
Familial combined hyperlipidemia defined by Goldstein criteria	3
Familial combined hyperlipidemia defined by Mexico criteria	4
Family history of Alzheimer's disease	2
FAS plasma levels	1
Fasting blood glucose	8
Fasting blood glucose adjusted for BMI	3
Fasting glucose	11
Father still alive	1
Father's age	2
Father's age at death	2
Fatty acid(18:4)_[M-H]1- levels	3
Fatty acid(20:3)_[M-H]1- levels	8
Fatty acid(20:4)_[M-H]1- levels	9
Fatty acid(22:4)_[M-H]1- levels	9
Fatty acid(22:5)_[M-H]1- levels	9
Fatty acid(22:6)_[M-H]1- levels	9
ferritin	9
FEV1	2
Fibroblast growth factor 23 levels	1
filter etc)	1
Filtered coffee intake	1
Finngen Rheumatological endpoints	1
Forced Expiratory Volume (FEV1)	2
Forced expiratory volume in 1-second (FEV1)	5
Forced expiratory volume in 1-second (FEV1)  Best measure	1
Forced vital capacity (FVC)	3
Forced vital capacity (FVC)  Best measure	1
Free cholesterol	7
Free cholesterol in chylomicrons and extremely large VLDL	14
Free cholesterol in HDL	16
Free cholesterol in IDL	20
Free cholesterol in large HDL	17
Free cholesterol in large LDL	18
Free cholesterol in large VLDL	15
Free cholesterol in LDL	14
Free cholesterol in medium HDL	16
Free cholesterol in medium LDL	16
Free cholesterol in medium VLDL	17
Free cholesterol in small HDL	16
Free cholesterol in small LDL	18
Free cholesterol in small VLDL	17
Free cholesterol in very large HDL	16
Free cholesterol in very large VLDL	15
Free cholesterol in very small VLDL	18
Free cholesterol in VLDL	10
Free cholesterol levels in chylomicrons and extremely large VLDL	14
Free cholesterol levels in HDL	16
Free cholesterol levels in IDL	19
Free cholesterol levels in large HDL	16
Free cholesterol levels in large LDL	17
Free cholesterol levels in large VLDL	15
Free cholesterol levels in LDL	13
Free cholesterol levels in medium HDL	16
Free cholesterol levels in medium LDL	15
Free cholesterol levels in medium VLDL	16
Free cholesterol levels in small HDL	12
Free cholesterol levels in small LDL	17
Free cholesterol levels in small VLDL	16
Free cholesterol levels in very large HDL	15
Free cholesterol levels in very large VLDL	15
Free cholesterol levels in very small VLDL	17
Free cholesterol levels in VLDL	9
Free cholesterol to esterified cholesterol ratio	15
Free cholesterol to total lipids ratio in chylomicrons and extremely large VLDL	16
Free cholesterol to total lipids ratio in IDL	21
Free cholesterol to total lipids ratio in large HDL	15
Free cholesterol to total lipids ratio in large LDL	21
Free cholesterol to total lipids ratio in large VLDL	15
Free cholesterol to total lipids ratio in medium HDL	17
Free cholesterol to total lipids ratio in medium LDL	20
Free cholesterol to total lipids ratio in medium VLDL	18
Free cholesterol to total lipids ratio in small HDL	16
Free cholesterol to total lipids ratio in small LDL	19
Free cholesterol to total lipids ratio in small VLDL	18
Free cholesterol to total lipids ratio in very large HDL	14
Free cholesterol to total lipids ratio in very large VLDL	18
Free cholesterol to total lipids ratio in very small VLDL	18
Frequency of stair climbing in last 4 weeks	1
Fresh fruit consumption	1
Fresh fruit intake	1
Frosties)	1
FVC	1
Galectin-4 levels	1
Gamma glutamyl transferase	2
Gamma glutamyl transferase levels	3
Gamma glutamyl transpeptidase	10
Gamma glutamyltransferase	16
Gamma glutamyltransferase levels (UKB data field 30730)	18
Gastric ulcer	1
Glucose	13
Glucose levels	11
Glucose levels (UKB data field 30740)	12
Glutamine	1
Glutamine levels	1
Glutathione S-transferase A1	1
Glutathione S-transferase Mu 1	2
Glycated haemoglobin	15
Glycated haemoglobin HbA1c levels (UKB data field 30750)	16
Glycated hemoglobin levels	11
Glycine	2
Glycoprotein acetyls	4
Glycoprotein acetyls levels	3
Glycoproteins	1
Glycosaminoglycan xylosylkinase	3
Golgi membrane protein 1	1
Gonarthrosis	1
Gonarthrosis [arthrosis of knee](FG)	1
Gonarthrosis,primary	1
Granulocyte count	10
Granulocyte percentage of myeloid white cells	9
Ground coffee consumption	2
Guanine nucleotide-binding protein G(k) subunit alpha	1
Gut bacterial pathway abundance (LACTOSECAT.PWY..lactose.and.galactose.degradation.I)	1
Gut microbiota abundance (k_Bacteria.p_Actinobacteria.c_Actinobacteria.o_Bifidobacteriales.f_Bifidobacteriaceae.g_Bifidobacterium.s_Bifidobacterium_bifidum)	1
Gut microbiota abundance (k_Bacteria.p_Actinobacteria.c_Actinobacteria.o_Coriobacteriales.f_Coriobacteriaceae.g_Collinsella)	1
Gut microbiota abundance (k_Bacteria.p_Actinobacteria.c_Actinobacteria.o_Coriobacteriales.f_Coriobacteriaceae)	1
Gut microbiota abundance (k_Bacteria.p_Actinobacteria.c_Actinobacteria.o_Coriobacteriales)	1
Haematocrit percentage	19
Haemoglobin concentration	17
Haemoglobin concentration (UKB data field 30020)	19
Haemorrhoidal disease	1
Hair color	7
Hair color (blond)	10
Hair color (dark brown)	1
Hair colour (natural	11
Hair/balding pattern: Pattern 1	9
Hair/balding pattern: Pattern 4	8
Hand grip strength (left)	1
Hand grip strength (right)	2
Hand grip strength left (UKB data field 46)	1
HbA1C	2
HDL cholesterol	20
HDL cholesterol levels	18
Heart failure	1
heart rate	3
Heart rate	6
heartburn: Aspirin	1
Heel bone mineral density	11
Heel bone mineral density (BMD)	10
Heel bone mineral density (BMD) (left)	2
Heel bone mineral density (BMD) (right)	8
Heel bone mineral density (BMD) T-score	21
Heel bone mineral density (BMD) T-score  automated	10
Heel bone mineral density (BMD) T-score  automated (left)	2
Heel bone mineral density (BMD) T-score  automated (right)	7
Heel bone mineral density T score	3
Heel Broadband ultrasound attenuation	1
Heel broadband ultrasound attenuation (left)	1
Heel broadband ultrasound attenuation (right)	3
Heel quantitative ultrasound index (QUI)	21
Height	15
Hematocrit	18
Heme oxygenase 1 measurement	5
Hemoglobin	19
Hemoglobin A1c	9
Hemoglobin A1c levels	15
Hemoglobin concentration	20
Hemoglobin levels	5
Hemoglobin subunit theta-1	1
Hepatic cancer	1
Hepatitis A virus cellular receptor 2	8
Hepatocyte growth factor receptor	5
High blood pressure (UKB data field 6150) (Firth correction)	2
High blood pressure (UKB data field 6150) (SPA correction)	2
High cholesterol	19
High cholesterol (Firth correction)	19
High cholesterol (SPA correction)	19
High density lipoprotein cholesterol levels	9
High density lipoprotein cholesterol levels (UKB data field 30760)	16
High light scatter reticulocyte count	12
High light scatter reticulocyte percentage	1
High light scatter reticulocyte percentage of red cells	5
High-density-lipoprotein cholesterol	8
Hip circumference	4
Hip circumference (UKB data field 49)	4
Histidine	2
Histidine levels	2
Histo-blood group ABO system transferase	1
Histone-lysine N-methyltransferase 2C	1
Hot drink temperature	1
Hypertension	2
Hypothyroidism	8
Hypothyroidism or myxedema	8
Hypothyroidism or myxoedema (Firth correction)	8
Hypothyroidism or myxoedema (SPA correction)	8
IDP dMRI TBSS MO Cerebral peduncle L	1
IDP T1 FAST ROIs L supracalc cortex	1
IDP T1 FAST ROIs R intracalc cortex	1
IDP T1 FAST ROIs R supracalc cortex	1
IDP_dMRI_ProbtrackX_FA_ptr_l	8
IDP_dMRI_ProbtrackX_FA_ptr_r	1
IDP_dMRI_ProbtrackX_ICVF_ar_l	1
IDP_dMRI_ProbtrackX_ICVF_ar_r	1
IDP_dMRI_ProbtrackX_ICVF_atr_l	8
IDP_dMRI_ProbtrackX_ICVF_atr_r	8
IDP_dMRI_ProbtrackX_ICVF_cgh_l	1
IDP_dMRI_ProbtrackX_ICVF_cgh_r	1
IDP_dMRI_ProbtrackX_ICVF_cst_r	5
IDP_dMRI_ProbtrackX_ICVF_fma	2
IDP_dMRI_ProbtrackX_ICVF_fmi	1
IDP_dMRI_ProbtrackX_ICVF_ifo_l	1
IDP_dMRI_ProbtrackX_ICVF_ilf_l	1
IDP_dMRI_ProbtrackX_ICVF_ml_r	1
IDP_dMRI_ProbtrackX_ICVF_ptr_l	6
IDP_dMRI_ProbtrackX_ICVF_ptr_r	2
IDP_dMRI_ProbtrackX_ICVF_slf_l	1
IDP_dMRI_ProbtrackX_ICVF_slf_r	1
IDP_dMRI_ProbtrackX_ICVF_str_l	7
IDP_dMRI_ProbtrackX_ICVF_str_r	8
IDP_dMRI_ProbtrackX_ICVF_unc_r	1
IDP_dMRI_ProbtrackX_L1_ilf_l	1
IDP_dMRI_ProbtrackX_L1_ptr_l	1
IDP_dMRI_ProbtrackX_L2_ilf_l	1
IDP_dMRI_ProbtrackX_L2_ilf_r	2
IDP_dMRI_ProbtrackX_L2_ptr_r	1
IDP_dMRI_ProbtrackX_L3_ilf_r	1
IDP_dMRI_ProbtrackX_L3_ptr_r	1
IDP_dMRI_ProbtrackX_MD_cgc_l	1
IDP_dMRI_ProbtrackX_MD_ilf_l	1
IDP_dMRI_ProbtrackX_MD_ilf_r	2
IDP_dMRI_ProbtrackX_MD_ptr_r	1
IDP_dMRI_TBSS_FA_Body_of_corpus_callosum	8
IDP_dMRI_TBSS_FA_Cingulum_hippocampus_R	1
IDP_dMRI_TBSS_FA_Posterior_corona_radiata_L	5
IDP_dMRI_TBSS_FA_Posterior_thalamic_radiation_L	8
IDP_dMRI_TBSS_FA_Posterior_thalamic_radiation_R	5
IDP_dMRI_TBSS_ICVF_Anterior_corona_radiata_R	1
IDP_dMRI_TBSS_ICVF_Anterior_limb_of_internal_capsule_L	8
IDP_dMRI_TBSS_ICVF_Anterior_limb_of_internal_capsule_R	8
IDP_dMRI_TBSS_ICVF_Body_of_corpus_callosum	1
IDP_dMRI_TBSS_ICVF_Cerebral_peduncle_R	2
IDP_dMRI_TBSS_ICVF_Cingulum_hippocampus_L	1
IDP_dMRI_TBSS_ICVF_Cingulum_hippocampus_R	1
IDP_dMRI_TBSS_ICVF_External_capsule_L	8
IDP_dMRI_TBSS_ICVF_External_capsule_R	8
IDP_dMRI_TBSS_ICVF_Fornix_cres+Stria_terminalis_L	8
IDP_dMRI_TBSS_ICVF_Fornix_cres+Stria_terminalis_R	8
IDP_dMRI_TBSS_ICVF_Genu_of_corpus_callosum	1
IDP_dMRI_TBSS_ICVF_Middle_cerebellar_peduncle	1
IDP_dMRI_TBSS_ICVF_Posterior_limb_of_internal_capsule_L	8
IDP_dMRI_TBSS_ICVF_Posterior_limb_of_internal_capsule_R	8
IDP_dMRI_TBSS_ICVF_Retrolenticular_part_of_internal_capsule_L	1
IDP_dMRI_TBSS_ICVF_Retrolenticular_part_of_internal_capsule_R	1
IDP_dMRI_TBSS_ICVF_Sagittal_stratum_L	1
IDP_dMRI_TBSS_ICVF_Superior_corona_radiata_L	4
IDP_dMRI_TBSS_ICVF_Superior_corona_radiata_R	7
IDP_dMRI_TBSS_ICVF_Superior_fronto-occipital_fasciculus_L	1
IDP_dMRI_TBSS_ICVF_Superior_fronto-occipital_fasciculus_R	5
IDP_dMRI_TBSS_ICVF_Superior_longitudinal_fasciculus_L	1
IDP_dMRI_TBSS_ICVF_Superior_longitudinal_fasciculus_R	1
IDP_dMRI_TBSS_ICVF_Uncinate_fasciculus_L	1
IDP_dMRI_TBSS_L1_Cingulum_cingulate_gyrus_L	8
IDP_dMRI_TBSS_L1_Cingulum_cingulate_gyrus_R	8
IDP_dMRI_TBSS_L1_Posterior_limb_of_internal_capsule_L	1
IDP_dMRI_TBSS_L2_Anterior_corona_radiata_L	1
IDP_dMRI_TBSS_L2_Body_of_corpus_callosum	8
IDP_dMRI_TBSS_L2_Cingulum_hippocampus_R	1
IDP_dMRI_TBSS_L2_Posterior_thalamic_radiation_L	4
IDP_dMRI_TBSS_L2_Posterior_thalamic_radiation_R	4
IDP_dMRI_TBSS_L3_Anterior_corona_radiata_L	4
IDP_dMRI_TBSS_L3_Body_of_corpus_callosum	8
IDP_dMRI_TBSS_L3_Cingulum_hippocampus_L	1
IDP_dMRI_TBSS_L3_Cingulum_hippocampus_R	1
IDP_dMRI_TBSS_L3_Posterior_thalamic_radiation_R	1
IDP_dMRI_TBSS_L3_Superior_corona_radiata_L	8
IDP_dMRI_TBSS_L3_Superior_corona_radiata_R	8
IDP_dMRI_TBSS_L3_Superior_longitudinal_fasciculus_L	2
IDP_dMRI_TBSS_MD_Anterior_corona_radiata_L	1
IDP_dMRI_TBSS_MD_Body_of_corpus_callosum	8
IDP_dMRI_TBSS_MD_Cingulum_cingulate_gyrus_L	8
IDP_dMRI_TBSS_MD_Cingulum_cingulate_gyrus_R	8
IDP_dMRI_TBSS_MD_Cingulum_hippocampus_L	1
IDP_dMRI_TBSS_MD_Cingulum_hippocampus_R	1
IDP_dMRI_TBSS_MD_Genu_of_corpus_callosum	1
IDP_dMRI_TBSS_MD_Posterior_thalamic_radiation_R	1
IDP_dMRI_TBSS_MD_Superior_longitudinal_fasciculus_L	1
IDP_dMRI_TBSS_MO_Middle_cerebellar_peduncle	1
IDP_dMRI_TBSS_OD_Posterior_limb_of_internal_capsule_L	1
IDP_dMRI_TBSS_OD_Posterior_thalamic_radiation_R	5
IDP_SWI_T2star_left_hippocampus	6
IDP_SWI_T2star_left_pallidum	1
IDP_SWI_T2star_right_hippocampus	8
IDP_T1_FAST_ROIs_L_amygdala	1
IDP_T1_FAST_ROIs_L_cerebellum_crus_II	8
IDP_T1_FAST_ROIs_L_intracalc_cortex	2
IDP_T1_FAST_ROIs_L_temp_fusif_cortex_ant	1
IDP_T1_FAST_ROIs_L_ventral_striatum	1
IDP_T1_FAST_ROIs_R_amygdala	1
IDP_T1_FAST_ROIs_R_cerebellum_crus_I	5
IDP_T1_FAST_ROIs_R_cerebellum_crus_II	8
IDP_T1_FAST_ROIs_R_intracalc_cortex	2
IDP_T1_FAST_ROIs_R_supracalc_cortex	1
IDP_T1_FIRST_left_thalamus_volume	1
IDP_tfMRI_90th-percentile_BOLD_faces-shapes	1
IGF 1 (UKB data field 30770)	14
IGF-1	13
ILD differential diagnosis	8
Illnesses of father: Alzheimer's disease/dementia	2
Illnesses of father: Diabetes	1
Illnesses of father: Heart disease	2
Illnesses of father: None of the above (group 1)	1
Illnesses of mother: Alzheimer's disease/dementia	2
Illnesses of mother: Chronic bronchitis/emphysema	2
Illnesses of mother: Diabetes	3
Illnesses of mother: High blood pressure	2
Illnesses of mother: None of the above (group 1)	2
Illnesses of siblings: Alzheimer's disease/dementia	2
Illnesses of siblings: Heart disease	2
Immature fraction of reticulocytes	5
Immature reticulocyte fraction	1
Immunoglobulin superfamily containing leucine-rich repeat protein 2	1
Immunoglobulin superfamily member 11	1
Impedance of arm (left)	4
Impedance of arm (right)	3
Impedance of leg (left)	4
Impedance of leg (right)	4
Impedance of whole body	3
Inactive gamma-glutamyltranspeptidase 2	1
including avohilmo	8
including symptomatic	2
Inflammatory bowel disease	4
inhalants)	9
Instant coffee consumption	2
Instant coffee intake	1
Insulin receptor	1
Insulin-like growth factor 1 levels	3
insuline treatment (Kela reimbursement)	4
insuline treatment (Kela reimbursement)"" (more controls excluded)	4
Intercellular adhesion molecule 1	1
Intercellular adhesion molecule 2	1
Intercellular adhesion molecule 2 levels	1
Intercellular adhesion molecule 5	1
Interferon regulatory factor 1	1
Interferon regulatory factor 6	1
Interleukin-22 receptor subunit alpha-1	1
Interleukin-3 receptor subunit alpha	1
Interleukin-6 receptor subunit beta	1
Interleukin-6 receptor subunit beta measurement	1
Intestinal-type alkaline phosphatase	1
Irritability	8
Irritability (UKB data field 1940) (Firth correction)	6
Irritability (UKB data field 1940) (SPA correction)	6
Irritable mood	8
Ischaemic heart disease	1
KDEL motif-containing protein 2 measurement	1
Kidney injury molecule 1 levels	2
Killer cell immunoglobulin-like receptor 2DL5A	2
koll11 abundance in stool	1
Lactadherin measurement	5
Lactate dehydrogenase	1
Lamb consumption	1
Lamb/mutton intake	2
LDL cholesterol	19
LDL cholesterol levels	16
LDL direct	21
Leg fat mass (left)	2
Leg fat mass (right)	1
Leg fat percentage (left)	4
Leg fat percentage (right)	4
Leg fat-free mass (left)	5
Leg fat-free mass (right)	4
Leg predicted mass (left)	5
Leg predicted mass (right)	4
Leucine-rich repeat neuronal protein 1	2
Leukemia inhibitory factor receptor	1
Linoleic acid	19
linoleic acid (LA)	15
Linoleic acid levels	18
Lipoprotein (a) levels	1
Lipoprotein A	1
Liver cell carcinoma	1
Liver enzyme levels (alanine transaminase)	14
Liver fat	4
Liver volume	4
Long-standing illness	1
Low density lipoprotein cholesterol levels	22
Low hand grip strength (60 years and older) (EWGSOP)	1
Low hand grip strength (60 years and older) (FNIH)	1
Low-density lipoprotein receptor-related protein 1B	1
Low-density-lipoprotein cholesterol	13
Lung function (FVC)	2
lymphatic vessels and lymph nodes	2
lymphocyte cell count	13
Lymphocyte count	14
Lymphocyte count (UKB data field 30120)	3
Lymphocyte counts	1
Lymphocyte percentage	4
Lymphocyte percentage of white cells	13
Lysophosphatidylcholine_15:0_[M+H]1+/Lysophosphatidylethanolamine_18:0_[M+H]1+ levels	1
Lysophosphatidylcholine_16:0_[M+H]1+/Lysophosphatidylethanolamine_19:0_[M+H]1+ levels	1
Lysophosphatidylcholine_18:2_[M+OAc]1-/Lysophosphatidylserine_22:1_[M-H]1- levels	3
Lysophosphatidylcholine_20:3_[M+OAc]1- levels	3
Lysophosphatidylcholine_20:4_[M+H]1+ levels	3
Lysophosphatidylcholine_20:4_[M+OAc]1- levels	3
Lysophosphatidylcholine_22:6_[M+H]1+ levels	3
Lysophosphatidylcholine-2O_16:0_[M+H]1+ levels	3
Lysophosphatidylcholine-2O_18:0_[M+H]1+ levels	3
Lysophosphatidylcholine-O_16:1_[M+H]1+/Lysophosphatidylcholine-P_16:0_[M+H]1+ levels	3
Lysophosphatidylcholine-O_18:2_[M+H]1+/Lysophosphatidylcholine-P_18:1_[M+H]1+ levels	3
Lysophosphatidylcholine(20:4)_[M+H]1+ levels	9
Lysophosphatidylethanolamine_16:0_[M-H]1- levels	1
Lysophosphatidylethanolamine_18:1_[M-H]1- levels	3
Lysophosphatidylethanolamine_18:2_[M-H]1- levels	3
Lysophosphatidylethanolamine_18:2_[M+H]1+ levels	3
Lysophosphatidylethanolamine_20:2_[M-H]1- levels	3
Lysophosphatidylethanolamine_20:4_[M-H]1- levels	3
Lysophosphatidylethanolamine_22:4_[M-H]1- levels	4
Lysophosphatidylethanolamine_22:6_[M-H]1- levels	3
Lysophosphatidylethanolamine-O_18:1_[M-H]1-/Lysophosphatidylethanolamine-P_18:0_[M-H]1- levels	3
Lysophosphatidylethanolamine-P_20:0_[M-H]1- levels	3
M-phase inducer phosphatase 2	2
Main speciality of consultant (recoded): General medicine	1
Major coronary heart disease event	1
Major coronary heart disease event excluding revascularizations	1
Major dietary changes in the last 5 years: No	1
Major dietary changes in the last 5 years: Yes	1
Malignant neoplasm of skin	4
Mannose-binding protein C	1
Martingale residuals)	2
Maternal history of Alzheimer's disease	2
Matrix metalloproteinase-10 levels	1
Mean corpuscular haemoglobin	3
Mean corpuscular haemoglobin concentration	11
Mean corpuscular hemoglobin	13
Mean corpuscular hemoglobin concentration	16
Mean corpuscular volume	14
Mean corpuscular volume (UKB data field 30040)	10
Mean diameter for HDL particles	13
Mean diameter for LDL particles	13
Mean diameter for VLDL particles	14
Mean platelet (thrombocyte) volume	9
Mean platelet thrombocyte volume (UKB data field 30100)	11
Mean platelet volume	14
Mean reticulocyte volume	11
Mean sphered cell volume	12
Mean spheric corpuscular volume	13
Medication for cholesterol	23
Medication for cholesterol  blood pressure  diabetes  or take exogenous hormones: Cholesterol lowering medication	4
Medication for cholesterol  blood pressure  diabetes  or take exogenous hormones: None of the above	3
Medication for cholesterol  blood pressure or diabetes: Cholesterol lowering medication	8
Medication for cholesterol  blood pressure or diabetes: None of the above	2
Medication for pain relief	1
Medication for pain relief  constipation  heartburn: Aspirin	1
Medication use (adrenergics	9
Medication use (anti-inflammatory and antirheumatic products	1
Medication use (antihypertensives)	1
Medication use (antithrombotic agents)	2
Medication use (calcium channel blockers)	1
Medication use (drugs used in diabetes)	1
Medication use (HMG CoA reductase inhibitors)	17
Medication use (salicylic acid and derivatives)	2
Medication use (thyroid preparations)	8
Memory loss	2
mental disorders	2
Metabolic disorders	1
Mitochondrial DNA copy number	2
Mitochondrial sodium/hydrogen exchanger 9B2	2
Moderate to vigorous physical activity levels	1
Mono-unsaturated fatty acids	7
monocyte cell count	2
Monocyte count	3
Monocyte count (UKB data field 30130)	4
Monocyte differentiation antigen CD14 measurement	1
Monocyte percentage	10
Monocyte percentage of white cells	10
Monounsaturated fatty acid levels	20
Monounsaturated fatty acids	19
Mother still alive	2
Mother's age	2
Mother's age at death	1
Myeloid white cell count	10
Myocardial infarction	6
N-acetylglucosamine-6-sulfatase	1
N-acetyllactosaminide beta-1,3-N-acetylglucosaminyltransferase 2	1
Nap during day	10
Nasal polyps	8
NET100 0599	1
Neural cell adhesion molecule L1	1
Neurological diseases	1
Neuronal pentraxin-1 measurement	1
neutrophil cell count	11
Neutrophil count	11
Neutrophil percentage of white cells	11
Neutrophill count	11
Neutrophill count (UKB data field 30140)	11
Neutrophill percentage	3
NODEamps100 0036	1
Non-albumin protein	10
Non-butter spread type details: Flora Pro-Active or Benecol	3
Non-cancer illness code	39
Non-cancer illness code  self-reported: asthma	8
Non-cancer illness code  self-reported: deep venous thrombosis (dvt)	1
Non-cancer illness code  self-reported: heart attack/myocardial infarction	1
Non-cancer illness code  self-reported: high cholesterol	10
Non-cancer illness code  self-reported: hypertension	1
Non-cancer illness code  self-reported: hypothyroidism/myxoedema	8
Non-cancer illness code  self-reported: pulmonary embolism +/- dvt	1
non-LDL -cholesterol)	18
non-steroids)	1
Nonalcoholic fatty liver disease	4
not elsewhere classified	1
not elsewhere classified (FINNGEN)	1
not induced by alcohol and other psychoactive substances	1
Nuclear receptor-binding protein	1
Number of children	8
Number of children ever born	8
Number of days/week of moderate physical activity 10+ minutes	1
Number of days/week of vigorous physical activity 10+ minutes	1
Number of live births	8
Number of symbol digit matches made correctly	1
Number of treatments/medications taken	7
Oily fish intake	1
Omega-3 fatty acid levels	20
Omega-3 fatty acids	20
Omega-6 fatty acid levels	11
Omega-6 fatty acids	13
Omega-7	7
omega-9 and saturated fatty acids	7
Omnitrophota abundance in stool	1
Operation code: caesarean section / caesarian section	1
Operation code: carpal tunnel surgery	1
Operation code: cholecystectomy/gall bladder removal	7
Operation code: coronary artery bypass grafts (cabg)	1
Operation code: haemorroidectomy / piles surgery/ banding of piles	1
Operation code: tonsillectomy / tonsil surgery	1
Operation code: tonsillectomy +/- adenoids	1
Operative procedures - main OPCS: A65.1 Carpal tunnel release	1
Operative procedures - main OPCS: E08.1 Polypectomy of internal nose	2
Operative procedures - main OPCS: H51.1 Haemorrhoidectomy	1
Operative procedures - main OPCS: H52.4 Rubber band ligation of haemorrhoid	1
Operative procedures - main OPCS: X99.8 No procedure performed	1
or psychic disorders complicating pregnancy	2
or suicide (or attempt)	2
or take exogenous hormones: Blood pressure medication	1
or take exogenous hormones: Cholesterol lowering medication	10
or take exogenous hormones: None of the above	3
Organic	2
Other degenerative diseases of the nervous system (G6_NEURODEG)	2
Other degenerative diseases of the nervous system (NEURODEGOTH)	2
Other diabetes	4
Other diseases of liver	1
Other disorders of veins	1
Other embolism and thrombosis	1
Other embolism and thrombosis (no controls excluded)	1
Other ILD-related CVD-co-morbidities	1
Other mental disorders due to brain damage and dysfunction and to physical disease	2
Other polyunsaturated fatty acids than 18:2	17
Other pulmonary diagnosis	1
Other symptoms and signs involving cognitive functions and awareness	2
OTU97_27 (Bacteroides) prevalence	1
Overall health rating	2
Overall healthy diet	3
P-selectin	1
Pain type(s) experienced in last month: Back pain	1
Palmitoyl sphingomyelin	1
Pancreas volume	1
Parental longevity (both parents in top 10%)	2
Parental longevity (combined parental age at death)	2
Parental longevity (combined parental attained age	2
Parental longevity (father's age at death)	1
Parental longevity (father's attained age)	2
Parental longevity (mother's age at death)	2
Parental longevity (mother's attained age)	2
Parkinson's disease (more controls excluded)	1
partum or puerperum or nerve system disorders	2
Paternal history of Alzheimer's disease	2
PDZK1-interacting protein 1	2
Peak expiratory flow	1
Peak expiratory flow (PEF)	1
Peak expiratory flow (UKB data field 3064)	1
Pediatric asthma	8
Peptide YY	1
Percent liver fat	4
Percentage fat in milk consumption	1
perception	2
Peripheral artery disease	7
Peripheral artery disease (no controls excluded)	8
PH and SEC7 domain-containing protein 1	2
Phenylalanine	1
Phenylalanine levels	1
Phlebitis and thrombophlebitis (not including DVT)	1
Phlebitis and thrombophlebitis (not including DVT) (no controls excluded)	1
Phosphate	6
Phosphate levels (UKB data field 30810)	4
Phosphatidate_34:2_[M-H]1- levels	3
Phosphatidate_36:2_[M-H]1- levels	3
Phosphatidate(34:2)_[M-H]1- levels	9
Phosphatidate(39:1)_[M+H]1+ levels	11
Phosphatidate(40:1)_[M+H]1+ levels	9
Phosphatidate(40:2)_[M+H]1+ levels	6
Phosphatidate(40:5)_[M+OAc]1-/Phosphatidylglycerol(39:5)_[M-H]1- levels	8
Phosphatidate(41:2)_[M+H]1+ levels	9
Phosphatidate(41:4)_[M+H]1+ levels	9
Phosphatidate(42:1)_[M+H]1+ levels	9
Phosphatidate(42:2)_[M+H]1+ levels	9
Phosphatidate(42:3)_[M+H]1+ levels	9
Phosphatidate(43:4)_[M-H]1- levels	9
Phosphatidate(43:5)_[M-H]1- levels	5
Phosphatidate(43:6)_[M-H]1- levels	9
Phosphatidate(43:6)_[M+OAc]1- levels	8
Phosphatidate(44:4)_[M+H]1+ levels	9
Phosphatidate(44:5)_[M+H]1+ levels	9
Phosphatidate(45:6)_[M-H]1- levels	9
Phosphatidylcholine and other cholines	5
Phosphatidylcholine levels	15
Phosphatidylcholine_30:0_[M+H]1+/Phosphatidylethanolamine_33:0_[M+H]1+/Phosphatidate_35:1_[M+NH4]1+ levels	3
Phosphatidylcholine_31:2_[M+H]1+/Phosphatidylethanolamine_34:2_[M+H]1+/Phosphatidate_36:3_[M+NH4]1+ levels	4
Phosphatidylcholine_32:0_[M+H]1+/Phosphatidylethanolamine_35:0_[M+H]1+/Phosphatidate_37:1_[M+NH4]1+ levels	3
Phosphatidylcholine_32:0_[M+OAc]1- levels	3
Phosphatidylcholine_32:2_[M+H]1+/Phosphatidylethanolamine_35:2_[M+H]1+/Phosphatidate_37:3_[M+NH4]1+ levels	3
Phosphatidylcholine_32:2_[M+OAc]1-/Phosphatidylserine_36:1_[M-H]1- levels	3
Phosphatidylcholine_33:2_[M+H]1+/Phosphatidylethanolamine_36:2_[M+H]1+/Phosphatidate_38:3_[M+NH4]1+ levels	4
Phosphatidylcholine_33:2_[M+OAc]1-/Phosphatidylserine_37:1_[M-H]1- levels	3
Phosphatidylcholine_33:3_[M+H]1+/Phosphatidylethanolamine_36:3_[M+H]1+/Phosphatidate_38:4_[M+NH4]1+ levels	4
Phosphatidylcholine_33:4_[M+H]1+/Phosphatidylethanolamine_36:4_[M+H]1+/Phosphatidate_38:5_[M+NH4]1+ levels	1
Phosphatidylcholine_34:0_[M+H]1+/Phosphatidylethanolamine_37:0_[M+H]1+/Phosphatidate_39:1_[M+NH4]1+ levels	2
Phosphatidylcholine_34:1_[M+H]1+/Phosphatidylethanolamine_37:1_[M+H]1+/Phosphatidate_39:2_[M+NH4]1+ levels	2
Phosphatidylcholine_34:2_[M+H]1+/Phosphatidylethanolamine_37:2_[M+H]1+/Phosphatidate_39:3_[M+NH4]1+ levels	3
Phosphatidylcholine_34:2_[M+OAc]1-/Phosphatidylserine_38:1_[M-H]1- levels	3
Phosphatidylcholine_34:3_[M+H]1+/Phosphatidylethanolamine_37:3_[M+H]1+/Phosphatidate_39:4_[M+NH4]1+ levels	4
Phosphatidylcholine_34:3_[M+OAc]1-/Phosphatidylserine_38:2_[M-H]1- levels	3
Phosphatidylcholine_34:4_[M+H]1+/Phosphatidylethanolamine_37:4_[M+H]1+/Phosphatidate_39:5_[M+NH4]1+ levels	3
Phosphatidylcholine_34:4_[M+OAc]1-/Phosphatidylserine_38:3_[M-H]1- levels	3
Phosphatidylcholine_35:2_[M+H]1+/Phosphatidylethanolamine_38:2_[M+H]1+/Phosphatidate_40:3_[M+NH4]1+ levels	3
Phosphatidylcholine_35:2_[M+OAc]1-/Phosphatidylserine_39:1_[M-H]1- levels	3
Phosphatidylcholine_35:3_[M+H]1+/Phosphatidylethanolamine_38:3_[M+H]1+/Phosphatidate_40:4_[M+NH4]1+ levels	4
Phosphatidylcholine_35:3_[M+OAc]1-/Phosphatidylserine_39:2_[M-H]1- levels	3
Phosphatidylcholine_35:4_[M+H]1+/Phosphatidylethanolamine_38:4_[M+H]1+/Phosphatidate_40:5_[M+NH4]1+ levels	4
Phosphatidylcholine_35:4_[M+OAc]1-/Phosphatidylserine_39:3_[M-H]1- levels	3
Phosphatidylcholine_35:5_[M+OAc]1-/Phosphatidylserine_39:4_[M-H]1- levels	3
Phosphatidylcholine_35:6_[M+H]1+/Phosphatidylethanolamine_38:6_[M+H]1+/Phosphatidate_40:7_[M+NH4]1+ levels	1
Phosphatidylcholine_36:2_[M+H]1+/Phosphatidylethanolamine_39:2_[M+H]1+/Phosphatidate_41:3_[M+NH4]1+ levels	3
Phosphatidylcholine_36:2_[M+OAc]1-/Phosphatidylserine_40:1_[M-H]1- levels	3
Phosphatidylcholine_36:3_[M+H]1+/Phosphatidylethanolamine_39:3_[M+H]1+/Phosphatidate_41:4_[M+NH4]1+ levels	3
Phosphatidylcholine_36:3_[M+OAc]1-/Phosphatidylserine_40:2_[M-H]1- levels	3
Phosphatidylcholine_36:4_[M+OAc]1-/Phosphatidylserine_40:3_[M-H]1- levels	3
Phosphatidylcholine_36:5_[M+H]1+/Phosphatidylethanolamine_39:5_[M+H]1+/Phosphatidate_41:6_[M+NH4]1+ levels	3
Phosphatidylcholine_36:5_[M+OAc]1-/Phosphatidylserine_40:4_[M-H]1- levels	3
Phosphatidylcholine_36:6_[M+OAc]1-/Phosphatidylserine_40:5_[M-H]1- levels	3
Phosphatidylcholine_36:7_[M+OAc]1-/Phosphatidylserine_40:6_[M-H]1- levels	3
Phosphatidylcholine_37:3_[M+OAc]1-/Phosphatidylserine_41:2_[M-H]1- levels	3
Phosphatidylcholine_37:4_[M+H]1+/Phosphatidylethanolamine_40:4_[M+H]1+/Phosphatidate_42:5_[M+NH4]1+ levels	3
Phosphatidylcholine_37:4_[M+OAc]1-/Phosphatidylserine_41:3_[M-H]1- levels	3
Phosphatidylcholine_37:5_[M+H]1+/Phosphatidylethanolamine_40:5_[M+H]1+/Phosphatidate_42:6_[M+NH4]1+ levels	4
Phosphatidylcholine_37:5_[M+OAc]1-/Phosphatidylserine_41:4_[M-H]1- levels	3
Phosphatidylcholine_37:6_[M+H]1+/Phosphatidylethanolamine_40:6_[M+H]1+/Phosphatidate_42:7_[M+NH4]1+ levels	4
Phosphatidylcholine_37:6_[M+OAc]1-/Phosphatidylserine_41:5_[M-H]1- levels	3
Phosphatidylcholine_38:2_[M+H]1+/Phosphatidylethanolamine_41:2_[M+H]1+ levels	3
Phosphatidylcholine_38:3_[M+H]1+/Phosphatidylethanolamine_41:3_[M+H]1+/Phosphatidate_43:4_[M+NH4]1+ levels	3
Phosphatidylcholine_38:4_[M+OAc]1-/Phosphatidylserine_42:3_[M-H]1- levels	3
Phosphatidylcholine_38:5_[M+H]1+/Phosphatidylethanolamine_41:5_[M+H]1+/Phosphatidate_43:6_[M+NH4]1+ levels	3
Phosphatidylcholine_38:6_[M+H]1+/Phosphatidylethanolamine_41:6_[M+H]1+ levels	3
Phosphatidylcholine_38:6_[M+OAc]1-/Phosphatidylserine_42:5_[M-H]1- levels	3
Phosphatidylcholine_38:7_[M+OAc]1-/Phosphatidylserine_42:6_[M-H]1- levels	3
Phosphatidylcholine_38:8_[M+OAc]1-/Phosphatidylserine_42:7_[M-H]1- levels	3
Phosphatidylcholine_38:9_[M+OAc]1-/Phosphatidylserine_42:8_[M-H]1- levels	3
Phosphatidylcholine_39:6_[M+OAc]1- levels	3
Phosphatidylcholine_40:4_[M+H]1+/Phosphatidylethanolamine_43:4_[M+H]1+ levels	3
Phosphatidylcholine_40:4_[M+OAc]1-/Phosphatidylserine_44:3_[M-H]1- levels	3
Phosphatidylcholine_40:5_[M+H]1+ levels	3
Phosphatidylcholine_40:6_[M+H]1+/Phosphatidylethanolamine_43:6_[M+H]1+ levels	3
Phosphatidylcholine_40:6_[M+OAc]1-/Phosphatidylserine_44:5_[M-H]1- levels	3
Phosphatidylcholine_40:7_[M+H]1+ levels	3
Phosphatidylcholine_40:8_[M+OAc]1-/Phosphatidylserine_44:7_[M-H]1- levels	3
Phosphatidylcholine_40:9_[M+OAc]1-/Phosphatidylserine_44:8_[M-H]1- levels	3
Phosphatidylcholine_42:4_[M+OAc]1- levels	3
Phosphatidylcholine_44:5_[M+OAc]1- levels	3
Phosphatidylcholine_52:4_[M+OAc]1- levels	3
Phosphatidylcholine-O_18:0_[M+H]1+/Lysophosphatidylethanolamine_21:0_[M+H]1+ levels	3
Phosphatidylcholine-O_31:0_[M+H]1+/Phosphatidylethanolamine-O_34:0_[M+H]1+ levels	3
Phosphatidylcholine-O_31:2_[M+H]1+/Phosphatidylcholine-P_31:1_[M+H]1+/Phosphatidylethanolamine-O_34:2_[M+H]1+ levels	3
Phosphatidylcholine-O_32:1_[M+H]1+/Phosphatidylcholine-P_32:0_[M+H]1+/Phosphatidylethanolamine-O_35:1_[M+H]1+ levels	3
Phosphatidylcholine-O_33:3_[M+H]1+/Phosphatidylcholine-P_33:2_[M+H]1+/Phosphatidylethanolamine-O_36:3_[M+H]1+ levels	3
Phosphatidylcholine-O_34:2_[M+H]1+/Phosphatidylcholine-P_34:1_[M+H]1+/Phosphatidylethanolamine-O_37:2_[M+H]1+ levels	3
Phosphatidylcholine-O_34:2_[M+OAc]1-/Phosphatidylcholine-P_34:1_[M+OAc]1-/Phosphatidylserine-O_38:1_[M-H]1- levels	3
Phosphatidylcholine-O_35:1_[M+H]1+/Phosphatidylcholine-P_35:0_[M+H]1+/Phosphatidylethanolamine-O_38:1_[M+H]1+ levels	1
Phosphatidylcholine-O_35:4_[M+OAc]1-/Phosphatidylcholine-P_35:3_[M+OAc]1- levels	3
Phosphatidylcholine-O_36:1_[M+H]1+/Phosphatidylcholine-P_36:0_[M+H]1+/Phosphatidylethanolamine-O_39:1_[M+H]1+ levels	1
Phosphatidylcholine-O_36:2_[M+H]1+/Phosphatidylcholine-P_36:1_[M+H]1+/Phosphatidylethanolamine-P_39:1_[M+H]1+ levels	3
Phosphatidylcholine-O_36:3_[M+OAc]1-/Phosphatidylcholine-P_36:2_[M+OAc]1-/Phosphatidylserine-O_40:2_[M-H]1- levels	3
Phosphatidylcholine-O_36:4_[M+H]1+/Phosphatidylcholine-P_36:3_[M+H]1+ levels	3
Phosphatidylcholine-O_36:4_[M+OAc]1-/Phosphatidylcholine-P_36:3_[M+OAc]1-/Phosphatidylserine-O_40:3_[M-H]1- levels	3
Phosphatidylcholine-O_36:5_[M+OAc]1-/Phosphatidylcholine-P_36:4_[M+OAc]1-/Phosphatidylserine-O_40:4_[M-H]1- levels	3
Phosphatidylcholine-O_37:1_[M+H]1+/Phosphatidylcholine-P_37:0_[M+H]1+/Phosphatidylethanolamine-O_40:1_[M+H]1+ levels	1
Phosphatidylcholine-O_37:2_[M+H]1+/Phosphatidylcholine-P_37:1_[M+H]1+/Phosphatidylethanolamine-O_40:2_[M+H]1+ levels	1
Phosphatidylcholine-O_38:1_[M+H]1+/Phosphatidylcholine-P_38:0_[M+H]1+/Phosphatidylethanolamine-P_41:0_[M+H]1+ levels	1
Phosphatidylcholine-O_38:2_[M+H]1+/Phosphatidylcholine-P_38:1_[M+H]1+ levels	1
Phosphatidylcholine-O_38:4_[M+H]1+/Phosphatidylcholine-P_38:3_[M+H]1+ levels	3
Phosphatidylcholine-O_38:4_[M+OAc]1-/Phosphatidylcholine-P_38:3_[M+OAc]1-/Phosphatidylserine-P_42:0_[M-H]1- levels	3
Phosphatidylcholine-O_38:5_[M+H]1+/Phosphatidylcholine-P_38:4_[M+H]1+ levels	3
Phosphatidylcholine-O_38:5_[M+OAc]1-/Phosphatidylcholine-P_38:4_[M+OAc]1-/Phosphatidylserine-O_42:4_[M-H]1- levels	3
Phosphatidylcholine-O_38:6_[M+OAc]1-/Phosphatidylcholine-P_38:5_[M+OAc]1-/Phosphatidylserine-P_42:1_[M-H]1- levels	3
Phosphatidylcholine-O_40:5_[M+H]1+/Phosphatidylcholine-P_40:4_[M+H]1+ levels	3
Phosphatidylcholine-O_40:6_[M+H]1+/Phosphatidylcholine-P_40:5_[M+H]1+ levels	3
Phosphatidylcholine-O_40:6_[M+OAc]1-/Phosphatidylcholine-P_40:5_[M+OAc]1- levels	3
Phosphatidylcholine-O_42:6_[M+OAc]1-/Phosphatidylcholine-P_42:5_[M+OAc]1- levels	3
Phosphatidylcholine-O_44:5_[M+H]1+/Phosphatidylcholine-P_44:4_[M+H]1+ levels	3
Phosphatidylcholine-O_44:5_[M+OAc]1-/Phosphatidylcholine-P_44:4_[M+OAc]1- levels	3
Phosphatidylcholine-O(34:2)_[M+H]1+/Phosphatidylethanolamine-O(37:2)_[M+H]1+ levels	1
Phosphatidylcholine-O(34:3)_[M+H]1+/Phosphatidylethanolamine-P(37:2)_[M+H]1+ levels	1
Phosphatidylcholine-O(35:1)_[M+H]1+/Phosphatidylethanolamine-O(38:1)_[M+H]1+ levels	1
Phosphatidylcholine-O(36:2)_[M+H]1+/Phosphatidylethanolamine-P(39:1)_[M+H]1+ levels	1
Phosphatidylcholine-O(36:3)_M+H]1+/Phosphatidylcholine-P(36:2)_M+H]1+ levels	10
Phosphatidylcholine-O(36:4)_[M+H]1+/Phosphatidylcholine-P(36:3)_[M+H]1+ levels	9
Phosphatidylcholine-O(36:5)_[M+H]1+/Phosphatidylcholine-P(36:4)_[M+H]1+ levels	9
Phosphatidylcholine-O(37:1)_[M+H]1+/Phosphatidylethanolamine-O(40:1)_[M+H]1+ levels	2
Phosphatidylcholine-O(37:2)_[M+H]1+/Phosphatidylethanolamine-O(40:2)_[M+H]1+ levels	5
Phosphatidylcholine-O(38:2)_[M+H]1+/Phosphatidylcholine-P(38:1)_[M+H]1+ levels	2
Phosphatidylcholine-O(38:4)_[M+H]1+/Phosphatidylcholine-P(38:3)_[M+H]1+ levels	9
Phosphatidylcholine-O(38:5)_[M+H]1+/Phosphatidylcholine-P(38:4)_[M+H]1+ levels	9
Phosphatidylcholine-O(39:1)_[M+H]1+/Phosphatidylethanolamine-P(39:0)_[M+H]1+ levels	6
Phosphatidylcholine-O(39:2)_[M+H]1+/Phosphatidylethanolamine-P(39:1)_[M+H]1+ levels	2
Phosphatidylcholine-O(39:3)_[M+H]1+/Phosphatidylethanolamine-P(39:2)_[M+H]1+ levels	2
Phosphatidylcholine-O(40:5)_[M+H]1+/Phosphatidylcholine-P(40:4)_[M+H]1+ levels	9
Phosphatidylcholine-O(40:6)_[M+H]1+/Phosphatidylcholine-P(40:5)_[M+H]1+ levels	9
Phosphatidylcholine-O(40:7)_[M+H]1+/Phosphatidylcholine-P(40:6)_[M+H]1+ levels	8
Phosphatidylcholine-O(40:9)_[M+H]1+/Phosphatidylethanolamine-P(40:8)_[M+H]1+ levels	8
Phosphatidylcholine-P_38:6_[M+H]1+ levels	3
Phosphatidylcholine-P_40:6_[M+OAc]1- levels	2
Phosphatidylcholine(32:0)_[M+H]1+/Phosphatidylethanolamine(35:0)_[M+H]1+/Phosphatidate(37:1)_[M+NH4]1+ levels	10
Phosphatidylcholine(32:0)_[M+OAc]1- levels	8
Phosphatidylcholine(32:2)_[M-H]1-/Phosphatidylethanolamine(35:2)_[M-H]1- levels	9
Phosphatidylcholine(32:2)_[M+H]1+/Phosphatidylethanolamine(35:2)_[M+H]1+/Phosphatidate(37:3)_[M+NH4]1+ levels	8
Phosphatidylcholine(32:2)_[M+OAc]1-/Phosphatidylserine(36:1)_[M-H]1- levels	9
Phosphatidylcholine(33:2)_[M+H]1+/Phosphatidylethanolamine(36:2)_[M+H]1+/Phosphatidate(38:3)_[M+NH4]1+ levels	11
Phosphatidylcholine(33:3)_[M+H]1+/Phosphatidylethanolamine(36:3)_[M+H]1+/Phosphatidate(38:4)_[M+NH4]1+ levels	11
Phosphatidylcholine(34:2)_[M+H]1+/Phosphatidylethanolamine(37:2)_[M+H]1+/Phosphatidate(39:3)_[M+NH4]1+ levels	9
Phosphatidylcholine(34:2)_[M+OAc]1-/Phosphatidylserine(38:1)_[M-H]1- levels	9
Phosphatidylcholine(34:3)_[M+H]1+/Phosphatidylethanolamine(37:3)_[M+H]1+/Phosphatidate(39:4)_[M+NH4]1+ levels	6
Phosphatidylcholine(34:3)_[M+OAc]1-/Phosphatidylserine(38:2)_[M-H]1- levels	8
Phosphatidylcholine(34:4)_[M+H]1+/Phosphatidylethanolamine(37:4)_[M+H]1+/Phosphatidate(39:5)_[M+NH4]1+ levels	8
Phosphatidylcholine(34:4)_[M+OAc]1-/Phosphatidylethanolamine(37:4)_[M+OAc]1- levels	9
Phosphatidylcholine(35:2)_[M+H]1+/Phosphatidylethanolamine(38:2)_[M+H]1+/Phosphatidate(40:3)_[M+NH4]1+ levels	8
Phosphatidylcholine(35:3)_[M+H]1+/Phosphatidylethanolamine(38:3)_[M+H]1+/Phosphatidate(40:4)_[M+NH4]1+ levels	9
Phosphatidylcholine(35:4)_[M+H]1+/Phosphatidylethanolamine(38:4)_[M+H]1+/Phosphatidate(40:5)_[M+NH4]1+ levels	11
Phosphatidylcholine(36:2)_[M+H]1+/Phosphatidylethanolamine(39:2)_[M+H]1+/Phosphatidate(41:3)_[M+NH4]1+ levels	9
Phosphatidylcholine(36:2)_[M+OAc]1-/Phosphatidylserine(40:1)_[M-H]1- levels	9
Phosphatidylcholine(36:3)_[M+H]1+/Phosphatidylethanolamine(39:3)_[M+H]1+/Phosphatidate(41:4)_[M+NH4]1+ levels	9
Phosphatidylcholine(36:3)_[M+OAc]1-/Phosphatidylserine(40:2)_[M-H]1- levels	9
Phosphatidylcholine(36:4)_[M+H]1+/Phosphatidylethanolamine(39:4)_[M+H]1+/Phosphatidate(41:5)_[M+NH4]1+ levels	9
Phosphatidylcholine(36:4)_[M+OAc]1-/Phosphatidylserine(40:3)_[M-H]1- levels	9
Phosphatidylcholine(36:5)_[M+OAc]1-/Phosphatidylserine(40:4)_[M-H]1- levels	9
Phosphatidylcholine(36:7)_[M+OAc]1-/Phosphatidylserine(40:6)_[M-H]1- levels	9
Phosphatidylcholine(37:3)_[M+OAc]1-/Phosphatidylserine(41:2)_[M-H]1- levels	8
Phosphatidylcholine(37:4)_[M+H]1+/Phosphatidylethanolamine(40:3)_[M+H]1+ levels	8
Phosphatidylcholine(37:4)_[M+H]1+/Phosphatidylethanolamine(40:4)_[M+H]1+/Phosphatidate(42:5)_[M+NH4]1+ levels	9
Phosphatidylcholine(37:4)_[M+OAc]1-/Phosphatidylserine(41:3)_[M-H]1- levels	9
Phosphatidylcholine(37:5)_[M+H]1+/Phosphatidylethanolamine(40:5)_[M+H]1+/Phosphatidate(42:6)_[M+NH4]1+ levels	9
Phosphatidylcholine(37:5)_[M+OAc]1-/Phosphatidylserine(41:4)_[M-H]1- levels	9
Phosphatidylcholine(37:6)_[M+H]1+/Phosphatidylethanolamine(40:6)_[M+H]1+/Phosphatidate(42:7)_[M+NH4]1+ levels	5
Phosphatidylcholine(38:2)_[M+H]1+/Phosphatidylethanolamine(41:2)_[M+H]1+ levels	8
Phosphatidylcholine(38:2)_[M+OAc]1-/Phosphatidylserine(42:1)_[M-H]1- levels	8
Phosphatidylcholine(38:3)_[M+H]1+/Phosphatidylethanolamine(41:3)_[M+H]1+/Phosphatidate(43:4)_[M+NH4]1+ levels	8
Phosphatidylcholine(38:3)_[M+OAc]1-/Phosphatidylserine(42:2)_[M-H]1- levels	8
Phosphatidylcholine(38:4)_[M+H]1+/Phosphatidylethanolamine(41:4)_[M+H]1+ levels	9
Phosphatidylcholine(38:4)_[M+OAc]1-/Phosphatidylserine(42:3)_[M-H]1- levels	9
Phosphatidylcholine(38:5)_[M+H]1+/Phosphatidylethanolamine(41:5)_[M+H]1+/Phosphatidate(43:6)_[M+NH4]1+ levels	9
Phosphatidylcholine(38:5)_[M+OAc]1-/Phosphatidylserine(42:4)_[M-H]1- levels	9
Phosphatidylcholine(38:6)_[M+H]1+/Phosphatidylethanolamine(41:6)_[M+H]1+ levels	9
Phosphatidylcholine(38:6)_[M+OAc]1-/Phosphatidylserine(42:5)_[M-H]1- levels	9
Phosphatidylcholine(38:7)_[M+OAc]1-/Phosphatidylserine(42:6)_[M-H]1- levels	9
Phosphatidylcholine(38:8)_[M+OAc]1-/Phosphatidylserine(42:7)_[M-H]1- levels	9
Phosphatidylcholine(39:6)_[M+OAc]1-/Phosphatidylserine(43:5)_[M-H]1- levels	9
Phosphatidylcholine(40:4)_[M+OAc]1-/Phosphatidylserine(44:3)_[M-H]1- levels	9
Phosphatidylcholine(40:5)_[M+H]1+ levels	9
Phosphatidylcholine(40:5)_[M+OAc]1-/Phosphatidylserine(44:4)_[M-H]1- levels	9
Phosphatidylcholine(40:6)_[M+H]1+/Phosphatidylethanolamine(43:6)_[M+H]1+ levels	9
Phosphatidylcholine(40:6)_[M+OAc]1-/Phosphatidylserine(44:5)_[M-H]1- levels	9
Phosphatidylcholine(40:8)_[M+H]1+ levels	9
Phosphatidylcholine(40:8)_[M+OAc]1-/Phosphatidylserine(44:7)_[M-H]1- levels	9
Phosphatidylcholine(40:9)_[M+OAc]1-/Phosphatidylserine(44:8)_[M-H]1- levels	9
Phosphatidylcholine(42:4)_[M+OAc]1- levels	9
Phosphatidylcholines	19
Phosphatidylethanolamine_34:0_[M-H]1- levels	3
Phosphatidylethanolamine_34:1_[M-H]1- levels	3
Phosphatidylethanolamine_34:2_[M-H]1- levels	4
Phosphatidylethanolamine_35:2_[M-H]1- levels	3
Phosphatidylethanolamine_36:2_[M-H]1- levels	3
Phosphatidylethanolamine_36:3_[M-H]1- levels	4
Phosphatidylethanolamine_36:4_[M-H]1- levels	2
Phosphatidylethanolamine_37:2_[M-H]1- levels	3
Phosphatidylethanolamine_37:3_[M-H]1- levels	3
Phosphatidylethanolamine_38:2_[M-H]1- levels	3
Phosphatidylethanolamine_38:3_[M-H]1- levels	3
Phosphatidylethanolamine_38:4_[M-H]1- levels	4
Phosphatidylethanolamine_38:5_[M-H]1- levels	4
Phosphatidylethanolamine_38:6_[M-H]1- levels	2
Phosphatidylethanolamine_39:2_[M-H]1- levels	3
Phosphatidylethanolamine_39:4_[M-H]1- levels	3
Phosphatidylethanolamine_40:6_[M-H]1- levels	4
Phosphatidylethanolamine-O_34:2_[M-H]1-/Phosphatidylethanolamine-P_34:1_[M-H]1- levels	3
Phosphatidylethanolamine-O_34:3_[M-H]1-/Phosphatidylethanolamine-P_34:2_[M-H]1- levels	3
Phosphatidylethanolamine-O_36:3_[M-H]1-/Phosphatidylethanolamine-P_36:2_[M-H]1- levels	3
Phosphatidylethanolamine-O_36:4_[M-H]1-/Phosphatidylethanolamine-P_36:3_[M-H]1- levels	3
Phosphatidylethanolamine-O_36:5_[M-H]1-/Phosphatidylethanolamine-P_36:4_[M-H]1- levels	3
Phosphatidylethanolamine-O_36:5_[M+H]1+/Phosphatidylethanolamine-P_36:4_[M+H]1+ levels	4
Phosphatidylethanolamine-O_38:3_[M-H]1-/Phosphatidylethanolamine-P_38:2_[M-H]1- levels	3
Phosphatidylethanolamine-O_38:5_[M-H]1-/Phosphatidylethanolamine-P_38:4_[M-H]1- levels	3
Phosphatidylethanolamine-O_38:5_[M+H]1+/Phosphatidylethanolamine-P_38:4_[M+H]1+ levels	4
Phosphatidylethanolamine-O_38:6_[M-H]1-/Phosphatidylethanolamine-P_38:5_[M-H]1- levels	3
Phosphatidylethanolamine-O_38:6_[M+H]1+/Phosphatidylethanolamine-P_38:5_[M+H]1+ levels	4
Phosphatidylethanolamine-O_40:4_[M-H]1-/Phosphatidylethanolamine-P_40:3_[M-H]1- levels	3
Phosphatidylethanolamine-O_40:5_[M-H]1-/Phosphatidylethanolamine-P_40:4_[M-H]1- levels	3
Phosphatidylethanolamine-O_40:6_[M-H]1-/Phosphatidylethanolamine-P_40:5_[M-H]1- levels	3
Phosphatidylethanolamine-O_40:6_[M+H]1+/Phosphatidylethanolamine-P_40:5_[M+H]1+ levels	3
Phosphatidylethanolamine-O(34:1)_[M-H]1- levels	1
Phosphatidylethanolamine-O(38:4)_[M-H]1-/Phosphatidylcholine-O(35:4)_[M-H]1-/Phosphatidylcholine-P(35:3)_[M-H]1- levels	9
Phosphatidylethanolamine-O(38:6)_[M+H]1+/Phosphatidylcholine-P(35:5)_[M+H]1+ levels	10
Phosphatidylethanolamine-P_38:6_[M+H]1+ levels	1
Phosphatidylethanolamine(34:0)_[M-H]1- levels	5
Phosphatidylethanolamine(34:0)_[M+H]1+ levels	7
Phosphatidylethanolamine(34:2)_[M-H]1- levels	11
Phosphatidylethanolamine(34:2)_[M+H]1+ levels	11
Phosphatidylethanolamine(36:2)_[M-H]1- levels	9
Phosphatidylethanolamine(36:3)_[M-H]1- levels	11
Phosphatidylethanolamine(36:4)_[M-H]1- levels	4
Phosphatidylethanolamine(36:4)_[M+H]1+ levels	2
Phosphatidylethanolamine(36:5)_[M-H]1- levels	2
Phosphatidylethanolamine(36:5)_[M+OAc]1- levels	9
Phosphatidylethanolamine(37:2)_[M-H]1- levels	9
Phosphatidylethanolamine(37:4)_[M-H]1- levels	10
Phosphatidylethanolamine(38:3)_[M-H]1- levels	9
Phosphatidylethanolamine(38:4)_[M-H]1- levels	9
Phosphatidylethanolamine(38:5)_[M-H]1- levels	11
Phosphatidylethanolamine(38:6)_[M-H]1- levels	3
Phosphatidylethanolamine(39:4)_[M-H]1- levels	9
Phosphatidylethanolamine(40:2)_[M-H]1- levels	8
Phosphatidylethanolamine(40:3)_[M-H]1- levels	8
Phosphatidylethanolamine(40:4)_[M-H]1- levels	9
Phosphatidylethanolamine(40:6)_[M-H]1- levels	9
Phosphatidylethanolamine(40:7)_[M-H]1- levels	2
Phosphatidylglycerol_34:0_[M-H]1- levels	3
Phosphatidylglycerol_34:1_[M+H]1+ levels	3
Phosphatidylglycerol_35:3_[M-H]1- levels	3
Phosphatidylglycerol_36:0_[M-H]1- levels	3
Phosphatidylglycerol-O_40:0_[M-H]1- levels	1
Phosphatidylglycerol-O_42:0_[M-H]1- levels	1
Phosphatidylglycerol(34:0)_[M-H]1- levels	9
Phosphatidylglycerol(35:3)_[M-H]1- levels	9
Phosphatidylglycerol(36:0)_[M-H]1- levels	9
Phosphatidylglycerol(37:3)_[M-H]1- levels	5
Phosphatidylinositol_34:0_[M+H]1+ levels	3
Phosphatidylinositol_34:1_[M-H]1- levels	3
Phosphatidylinositol_34:2_[M-H]1- levels	3
Phosphatidylinositol_35:0_[M-H]1- levels	3
Phosphatidylinositol_35:2_[M-H]1- levels	3
Phosphatidylinositol_36:0_[M-H]1- levels	3
Phosphatidylinositol_36:0_[M+H]1+ levels	3
Phosphatidylinositol_36:2_[M-H]1- levels	3
Phosphatidylinositol_36:2_[M+H]1+ levels	3
Phosphatidylinositol_36:2_[M+NH4]1+ levels	3
Phosphatidylinositol_36:3_[M-H]1- levels	3
Phosphatidylinositol_36:4_[M-H]1- levels	3
Phosphatidylinositol_38:0_[M-H]1- levels	3
Phosphatidylinositol_38:4_[M-H]1- levels	3
Phosphatidylinositol_38:4_[M+H]1+ levels	3
Phosphatidylinositol_38:4_[M+NH4]1+ levels	3
Phosphatidylinositol_38:5_[M-H]1- levels	3
Phosphatidylinositol-O_34:0_[M+H]1+ levels	3
Phosphatidylinositol-O_36:0_[M-H]1- levels	3
Phosphatidylinositol-O_36:1_[M+H]1+ levels	3
Phosphatidylinositol-O(33:0)_[M-H]1- levels	8
Phosphatidylinositol-O(36:0)_[M-H]1-/Phosphatidylglycerol(37:0)_[M+OAc]1- levels	9
Phosphatidylinositol(34:2)_[M-H]1- levels	9
Phosphatidylinositol(35:2)_[M-H]1- levels	4
Phosphatidylinositol(36:0)_[M-H]1- levels	9
Phosphatidylinositol(36:0)_[M+OAc]1- levels	9
Phosphatidylinositol(36:1)_[M+OAc]1- levels	9
Phosphatidylinositol(36:2)_[M-H]1- levels	9
Phosphatidylinositol(36:3)_[M-H]1- levels	9
Phosphatidylinositol(36:4)_[M-H]1- levels	9
Phosphatidylinositol(38:0)_[M-H]1- levels	9
Phosphatidylinositol(38:3)_[M-H]1- levels	9
Phosphatidylinositol(38:3)_[M+OAc]1- levels	8
Phosphatidylinositol(38:4)_[M-H]1- levels	9
Phosphatidylinositol(38:5)_[M-H]1- levels	1
Phosphatidylinositol(40:7)_[M+OAc]1- levels	4
Phosphatidylserine_36:1_[M+H]1+/Phosphatidylglycerol_36:3_[M+NH4]1+ levels	3
Phosphatidylserine_40:3_[M+H]1+/Phosphatidylglycerol_40:5_[M+NH4]1+ levels	3
Phosphatidylserine_40:5_[M+H]1+/Phosphatidylglycerol_40:7_[M+NH4]1+ levels	3
Phosphatidylserine-O_42:6_[M+H]1+ levels	3
Phosphatidylserine-P_42:1_[M+H]1+/Phosphatidylglycerol-P_42:6_[M+NH4]1+ levels	3
Phosphatidylserine(35:2)_[M+OAc]1- levels	9
Phosphatidylserine(40:4)_[M+OAc]1- levels	8
Phosphatidylserine(42:5)_[M+OAc]1- levels	9
Phosphatidylserine(42:7)_[M+OAc]1- levels	9
Phosphatidylserine(42:8)_[M-H]1- levels	9
Phosphatidylserine(44:6)_[M+OAc]1- levels	9
Phosphoglycerides	21
Phosphoglycerides levels	20
Phospholipid levels in chylomicrons and extremely large VLDL	14
Phospholipid levels in HDL	16
Phospholipid levels in IDL	17
Phospholipid levels in large HDL	17
Phospholipid levels in large LDL	17
Phospholipid levels in large VLDL	15
Phospholipid levels in LDL	13
Phospholipid levels in medium HDL	19
Phospholipid levels in medium LDL	12
Phospholipid levels in medium VLDL	8
Phospholipid levels in small HDL	12
Phospholipid levels in small LDL	13
Phospholipid levels in small VLDL	7
Phospholipid levels in very large HDL	14
Phospholipid levels in very large VLDL	15
Phospholipid levels in very small VLDL	16
Phospholipid levels in VLDL	12
Phospholipids in chylomicrons and extremely large VLDL	14
Phospholipids in chylomicrons and largest VLDL particles	3
Phospholipids in HDL	16
Phospholipids in IDL	18
Phospholipids in large HDL	17
Phospholipids in large LDL	18
Phospholipids in large VLDL	15
Phospholipids in LDL	14
Phospholipids in medium HDL	20
Phospholipids in medium LDL	14
Phospholipids in medium VLDL	9
Phospholipids in small HDL	13
Phospholipids in small LDL	14
Phospholipids in small VLDL	9
Phospholipids in very large HDL	15
Phospholipids in very large VLDL	15
Phospholipids in very small VLDL	19
Phospholipids in VLDL	13
Phospholipids to total lipids ratio in chylomicrons and extremely large VLDL	22
Phospholipids to total lipids ratio in IDL	9
Phospholipids to total lipids ratio in large HDL	18
Phospholipids to total lipids ratio in large LDL	9
Phospholipids to total lipids ratio in large VLDL	21
Phospholipids to total lipids ratio in medium HDL	17
Phospholipids to total lipids ratio in medium LDL	16
Phospholipids to total lipids ratio in medium VLDL	16
Phospholipids to total lipids ratio in small HDL	11
Phospholipids to total lipids ratio in small LDL	20
Phospholipids to total lipids ratio in small VLDL	18
Phospholipids to total lipids ratio in very large HDL	17
Phospholipids to total lipids ratio in very large VLDL	9
Phospholipids to total lipids ratio in very small VLDL	16
platelet and endothelial cell adhesion molecule 1	1
Platelet count	15
Platelet count (UKB data field 30080)	16
Platelet crit	16
Platelet distribution width	17
Platelet endothelial cell adhesion molecule levels	1
Plateletcrit	17
Plexin-B2	1
Polyunsaturated fatty acid levels	20
Polyunsaturated fatty acids	21
Pork consumption	1
Pork intake	1
Potassium in urine	1
Potassium in urine (UKB data field 30520)	1
predicted	1
primary	1
Procollagen-lysine,2-oxoglutarate 5-dioxygenase 2 measurement	3
Proteasome activator complex subunit 1	2
Protein CASC4	1
Protein CEI	1
Protein FAM171B	1
Protein FAM177A1	1
Protein FAM3B	1
Protein FAM3D	1
Protein MENT	2
Protein S100-A13	2
Protein-tyrosine sulfotransferase 2	1
Protocadherin beta-10	1
Psychiatric diseases	2
Pulmonary embolism	1
Pulmonary embolism (Firth correction)	1
Pulmonary embolism (no controls excluded)	1
Pulmonary embolism (SPA correction)	1
Pulmonary embolism with or without deep venous thrombosis	1
Pulmonary heart disease	2
Pulse pressure	5
Pulse rate	21
Pulse rate  automated reading	11
Pure hypercholesterolaemia	2
QC_rfMRI_cleaned_inverse_tSNR	1
QC_rfMRI_inverse_tSNR	1
QC_T1-to-standard_linear_alignment_discrepancy	8
QC_T1-to-standard_nonlinear_alignment_discrepancy	1
Qualifications: NVQ or HND or HNC or equivalent	7
Quinone oxidoreductase-like protein 1	1
RAC-beta serine/threonine-protein kinase	1
Ras-related protein Rab-14	2
Ratio of apolipoprotein B to apolipoprotein A1	11
Ratio of apolipoprotein B to apolipoprotein A1 levels	10
Ratio of bisallylic groups to double bonds	9
Ratio of bisallylic groups to total fatty acids	9
Ratio of docosahexaenoic acid to total fatty acid levels	18
Ratio of docosahexaenoic acid to total fatty acids	18
Ratio of linoleic acid to total fatty acids	17
Ratio of monounsaturated fatty acids to total fatty acids	14
Ratio of omega-3 fatty acids to total fatty acids	18
Ratio of omega-6 fatty acids to omega-3 fatty acids	19
Ratio of omega-6 fatty acids to total fatty acids	18
Ratio of polyunsaturated fatty acids to monounsaturated fatty acids	14
Ratio of polyunsaturated fatty acids to total fatty acids	16
Ratio of saturated fatty acids to total fatty acids	14
Ratio of triglycerides to phosphoglycerides	21
Reason for glasses/contact lenses: short-sightedness (UKB data field 6147_1) (Firth correction)	6
Reason for glasses/contact lenses: short-sightedness (UKB data field 6147_1) (SPA correction)	6
rectum	9
Red blood cell (erythrocyte) count	17
Red blood cell (erythrocyte) distribution width	14
Red blood cell count	20
Red blood cell erythrocyte count (UKB data field 30010)	19
Red cell distribution width	16
Remnant cholesterol (non-HDL	18
Renin levels	1
Repulsive guidance molecule A	1
Respiratory or ear-nose-throat disease	8
Reticulocyte count	10
Reticulocyte fraction of red cells	10
Reticulocyte percentage	9
rfMRI amplitudes (ICA100 node 11)	2
rfMRI amplitudes (ICA100 node 14)	2
rfMRI amplitudes (ICA100 node 24)	1
rfMRI amplitudes (ICA100 node 3)	2
rfMRI amplitudes (ICA100 node 36)	1
rfMRI amplitudes (ICA100 node 39)	1
rfMRI amplitudes (ICA100 node 42)	1
rfMRI amplitudes (ICA100 node 49)	1
rfMRI amplitudes (ICA25 node 19)	1
rfMRI amplitudes (ICA25 node 20)	2
rfMRI amplitudes (ICA25 node 7)	1
rfMRI amplitudes (ICA25 node 8)	2
rfMRI connectivity (ICA100 edge 681)	2
rfMRI connectivity (ICA100 edge 71)	1
rfMRI connectivity (ICA100 edge 79)	1
rfMRI connectivity (ICA100 edge 81)	2
rfMRI connectivity (ICA25 edge 112)	1
rfMRI connectivity (ICA25 edge 25)	1
Rheumatoid arthritis	2
Rheumatoid Arthritis	2
rhinitis	20
Salt added to food	9
Saturated fatty acid levels	20
Saturated fatty acids	20
Second line medication for Crohns disease	1
selectin E	1
Selenoprotein S	1
self-reported: angina	1
self-reported: asthma	8
self-reported: deep venous thrombosis (dvt)	1
self-reported: heart attack/myocardial infarction	1
self-reported: high cholesterol	16
self-reported: hypertension	3
self-reported: hypothyroidism/myxoedema	8
self-reported: pulmonary embolism +/- dvt	1
Serotransferrin measurement	2
Serum 25-Hydroxyvitamin D levels	10
Serum albumin levels	9
Serum alkaline phosphatase levels	22
Serum creatinine levels	17
Serum lipopolysaccharide activity	2
Serum phosphate levels	2
Serum total cholesterol	7
Serum total protein level	12
Serum total triglycerides	4
Serum uric acid levels	11
Severe COVID-19 infection with respiratory failure (analysis I)	1
Severe COVID-19 infection with respiratory failure (analysis II)	1
Sex hormone binding globulin (SHBG)	15
Sex hormone binding globulin levels (UKB data field 30830)	12
Sex hormone-binding globulin levels	14
Sex hormone-binding globulin levels adjusted for BMI	22
SHBG	12
Sitting height	13
Skin cancer	1
Skin colour	1
Skin pigmentation	1
Sleep duration	8
Sodium in urine	1
Sodium in urine (UKB data field 30530)	1
soluble	1
Sorting nexin-7	1
Sphingomyelin levels	19
Sphingomyelin_32:2_[M+H]1+ levels	3
Sphingomyelin_34:2_[M+H]1+ levels	3
Sphingomyelin_34:2_[M+OAc]1- levels	3
Sphingomyelin_36:0_[M+H]1+ levels	1
Sphingomyelin_36:1_[M+H]1+ levels	1
Sphingomyelin_36:2_[M+H]1+ levels	3
Sphingomyelin_36:2_[M+OAc]1- levels	3
Sphingomyelin_38:1_[M+H]1+ levels	1
Sphingomyelin_38:1_[M+OAc]1- levels	1
Sphingomyelin_38:2_[M+H]1+ levels	3
Sphingomyelin_38:2_[M+OAc]1- levels	3
Sphingomyelin_39:1_[M+H]1+ levels	1
Sphingomyelin_40:0_[M+H]1+ levels	1
Sphingomyelin_40:1_[M+H]1+ levels	1
Sphingomyelin_40:1_[M+OAc]1- levels	1
Sphingomyelin_40:2_[M+H]1+ levels	1
Sphingomyelin_40:2_[M+OAc]1- levels	4
Sphingomyelin_41:0_[M+H]1+ levels	1
Sphingomyelin_41:2_[M+H]1+ levels	1
Sphingomyelin_42:1_[M+H]1+ levels	1
Sphingomyelin_42:2_[M+H]1+ levels	1
Sphingomyelin_42:2_[M+OAc]1- levels	1
Sphingomyelin_42:3_[M+H]1+ levels	3
Sphingomyelin_42:3_[M+OAc]1- levels	2
Sphingomyelin(34:0)_[M-CH3]1- levels	1
Sphingomyelin(34:0)_[M+H]1+ levels	1
Sphingomyelin(34:0)_[M+OAc]1- levels	1
Sphingomyelin(34:1)_[M-CH3]1- levels	1
Sphingomyelin(34:1)_[M+H]1+ levels	1
Sphingomyelin(34:1)_[M+OAc]1- levels	1
Sphingomyelin(34:2)_[M+H]1+ levels	5
Sphingomyelin(36:0)_[M+H]1+ levels	8
Sphingomyelin(36:1)_[M+H]1+ levels	1
Sphingomyelin(36:2)_[M+H]1+ levels	8
Sphingomyelin(38:0)_[M+H]1+ levels	2
Sphingomyelin(38:1)_[M+CH3]1- levels	1
Sphingomyelin(38:1)_[M+H]1+ levels	1
Sphingomyelin(38:1)_[M+OAc]1- levels	1
Sphingomyelin(39:0)_[M+H]1- levels	1
Sphingomyelin(40:0)_[M-CH3]1- levels	1
Sphingomyelin(40:0)_[M+H]1+ levels	2
Sphingomyelin(40:0)_[M+OAc]1- levels	1
Sphingomyelin(40:1)_[M-CH3]1- levels	1
Sphingomyelin(40:1)_[M+H]1+ levels	1
Sphingomyelin(40:1)_[M+OAc]1- levels	1
Sphingomyelin(40:2)_[M-CH3]1- levels	1
Sphingomyelin(40:2)_[M+H]1+ levels	2
Sphingomyelin(40:2)_[M+OAc]1- levels	1
Sphingomyelin(40:3)_[M+H]1+ levels	1
Sphingomyelin(41:0)_[M+H]1- levels	1
Sphingomyelin(41:1)_[M+H]1+ levels	1
Sphingomyelin(41:2)_[M-CH3]1- levels	1
Sphingomyelin(41:2)_[M+H]1- levels	1
Sphingomyelin(41:2)_[M+H]1+ levels	2
Sphingomyelin(41:2)_[M+OAc]1- levels	1
Sphingomyelin(42:0)_[M+OAc]1- levels	1
Sphingomyelin(42:1)_[M-CH3]1- levels	1
Sphingomyelin(42:1)_[M+H]1+ levels	7
Sphingomyelin(42:1)_[M+OAc]1- levels	1
Sphingomyelin(42:2)_[M+H]1+ levels	2
Sphingomyelin(42:2)_[M+OAc]1- levels	1
Sphingomyelin(42:3)_[M+H]1+ levels	2
Sphingomyelin(44:9)_[M+H]1- levels	9
Sphingomyelins	20
Spread type: Butter/spreadable butter	1
Spread type: Other type of spread/margarine	1
Stable angina pectoris	1
Standard tea intake	1
Standing height	12
Statin medication	16
Stearidonate (18:4n3)	7
Stem cell factor levels	8
Stomach disorder	1
strict	1
strict (exclude DM1)	4
strict definition"" (more controls excluded)	1
Stromal cell-derived factor 2-like protein 1	2
Stromal interaction molecule 1	2
Suggestive for eosinophilic asthma	7
Suicide or other Intentional self-harm	2
Sulfhydryl oxidase 2	1
Sulfhydryl oxidase 2 measurement	1
Sum basophil neutrophil counts	9
Sum eosinophil basophil counts	9
Sum neutrophil eosinophil counts	10
Superior Posterior lobe of cerebellar volume (including VI to Crus I hemispheric lobules)	5
Surfeit locus protein 1	1
Sushi	1
Symptoms and signs involving cognition	2
systolic blood pressure	3
Systolic blood pressure	2
Systolic blood pressure  automated reading	1
Systolic blood pressure automated reading (UKB data field 4080)	1
Tanning	1
Tea consumption	2
Tea intake	4
telomere length	1
Testosterone	6
Testosterone levels (UKB data field 30850)	7
ThalamNuclei_lh_volume_MDm	1
ThalamNuclei_rh_volume_MDm	6
thrombomodulin	1
Thrombomodulin levels	1
Thrombospondin type-1 domain-containing protein 1	1
Thyroid problem (not cancer)	8
Tight junction protein ZO-1	2
Time spent using computer	1
Tissue factor levels	1
TNF-related apoptosis-inducing ligand levels	8
Toll-like receptor 4:Lymphocyte antigen 96 complex	1
TOM1-like protein 1	1
total	15
Total bilirubin	17
Total bilirubin levels	16
Total bilirubin levels (UKB data field 30840)	17
Total cerebellar volume (excluding Crus I vermis)	5
Total cholesterol	22
Total cholesterol in HDL	13
Total cholesterol in IDL	14
Total cholesterol in large HDL	14
Total cholesterol in large LDL	2
Total cholesterol in large VLDL	6
Total cholesterol in LDL	2
Total cholesterol in medium LDL	1
Total cholesterol in medium VLDL	4
Total cholesterol in small LDL	2
Total cholesterol in small VLDL	3
Total cholesterol in very large HDL	13
Total cholesterol levels	23
Total cholesterol minus HDL-C	18
Total cholesterol minus HDL-C levels	17
Total cholines	22
Total cholines levels	21
Total concentration of lipoprotein particles	19
Total esterified cholesterol	20
Total esterified cholesterol levels	19
Total fatty acid levels	20
Total fatty acids	19
Total free cholesterol	18
Total free cholesterol levels	17
Total lipid levels in chylomicrons and extremely large VLDL	18
Total lipid levels in HDL	16
Total lipid levels in IDL	19
Total lipid levels in large HDL	16
Total lipid levels in large LDL	17
Total lipid levels in large VLDL	19
Total lipid levels in LDL	17
Total lipid levels in lipoprotein particles	21
Total lipid levels in medium HDL	16
Total lipid levels in medium LDL	13
Total lipid levels in medium VLDL	6
Total lipid levels in small HDL	16
Total lipid levels in small LDL	13
Total lipid levels in small VLDL	10
Total lipid levels in very large HDL	15
Total lipid levels in very large VLDL	16
Total lipid levels in very small VLDL	16
Total lipid levels in VLDL	18
Total lipids in chylomicrons and extremely large VLDL	18
Total lipids in chylomicrons and largest VLDL particles	2
Total lipids in HDL	16
Total lipids in IDL	20
Total lipids in large HDL	17
Total lipids in large LDL	18
Total lipids in large VLDL	19
Total lipids in LDL	18
Total lipids in lipoprotein particles	22
Total lipids in medium HDL	16
Total lipids in medium LDL	14
Total lipids in medium VLDL	14
Total lipids in small HDL	20
Total lipids in small LDL	14
Total lipids in small VLDL	12
Total lipids in very large HDL	15
Total lipids in very large VLDL	16
Total lipids in very small VLDL	17
Total lipids in VLDL	18
Total phosphoglycerides	5
Total phospholipid levels in lipoprotein particles	21
Total phospholipids in lipoprotein particles	22
Total protein	10
Total sugars	1
Total Testosterone	7
Total testosterone levels	11
Total triglycerides	19
Total triglycerides levels	19
Transferrin	7
Transforming growth factor-beta levels	1
Treatment/medication code: aspirin	1
Treatment/medication code: atorvastatin	5
Treatment/medication code: doxazosin	1
Treatment/medication code: ezetimibe	1
Treatment/medication code: levothyroxine sodium	8
Treatment/medication code: lipitor 10mg tablet	1
Treatment/medication code: rosuvastatin	1
Treatment/medication code: simvastatin	14
Treatment/medication code: warfarin	1
Triacylglycerol_45:4_[M+NH4]1+ levels	1
Triacylglycerol_46:4_[M+NH4]1+ levels	1
Triacylglycerol_46:5_[M+NH4]1+ levels	2
Triacylglycerol_47:4_[M+NH4]1+ levels	1
Triacylglycerol_48:4_[M+NH4]1+ levels	1
Triacylglycerol_50:4_[M+NH4]1+ levels	1
Triacylglycerol_50:5_[M+NH4]1+ levels	3
Triacylglycerol_51:3_[M+NH4]1+ levels	1
Triacylglycerol_51:4_[M+NH4]1+ levels	1
Triacylglycerol_52:2_[M+NH4]1+ levels	1
Triacylglycerol_52:3_[M+NH4]1+ levels	4
Triacylglycerol_52:4_[M+NH4]1+ levels	1
Triacylglycerol_52:5_[M+NH4]1+ levels	1
Triacylglycerol_52:6_[M+NH4]1+ levels	4
Triacylglycerol_53:2_[M+NH4]1+ levels	3
Triacylglycerol_53:3_[M+NH4]1+ levels	4
Triacylglycerol_53:4_[M+NH4]1+ levels	1
Triacylglycerol_53:5_[M+NH4]1+ levels	1
Triacylglycerol_54:3_[M+NH4]1+ levels	4
Triacylglycerol_54:4_[M+NH4]1+ levels	4
Triacylglycerol_54:5_[M+NH4]1+ levels	1
Triacylglycerol_54:6_[M+NH4]1+ levels	4
Triacylglycerol_54:7_[M+NH4]1+ levels	4
Triacylglycerol_55:8_[M+NH4]1+ levels	1
Triacylglycerol_56:4_[M+NH4]1+ levels	4
Triacylglycerol_56:5_[M+NH4]1+ levels	4
Triacylglycerol_56:6_[M+NH4]1+ levels	4
Triacylglycerol_56:7_[M+NH4]1+ levels	4
Triacylglycerol_56:8_[M+NH4]1+ levels	4
Triacylglycerol_57:11_[M+NH4]1+ levels	3
Triacylglycerol_58:10_[M+NH4]1+ levels	4
Triacylglycerol_58:7_[M+NH4]1+ levels	4
Triacylglycerol_58:8_[M+NH4]1+ levels	4
Triacylglycerol_58:9_[M+NH4]1+ levels	4
Triacylglycerol(51:3)_[M+NH4]1+ levels	3
Triacylglycerol(52:1)_[M+NH4]1+ levels	9
Triacylglycerol(52:3)_[M+NH4]1+ levels	9
Triacylglycerol(52:6)_[M+NH4]1+ levels	2
Triacylglycerol(53:3)_[M+NH4]1+ levels	8
Triacylglycerol(54:3)_[M+NH4]1+ levels	8
Triacylglycerol(54:4)_[M+NH4]1+ levels	8
Triacylglycerol(56:3)_[M+NH4]1+ levels	8
Triacylglycerol(56:4)_[M+NH4]1+ levels	9
Triacylglycerol(56:5)_[M+NH4]1+ levels	10
Triacylglycerol(56:6)_[M+NH4]1+ levels	10
Triacylglycerol(56:7)_[M+NH4]1+ levels	9
Triacylglycerol(58:9)_[M+NH4]1+ levels	9
Triacylglyceroloxid(53:3)_[M+NH4]1+ levels	8
Triglyceride	15
Triglyceride levels	13
Triglyceride levels (UKB data field 30870)	24
Triglyceride levels in chylomicrons and extremely large VLDL	18
Triglyceride levels in HDL	19
Triglyceride levels in IDL	20
Triglyceride levels in large HDL	10
Triglyceride levels in large LDL	18
Triglyceride levels in large VLDL	19
Triglyceride levels in LDL	19
Triglyceride levels in medium HDL	22
Triglyceride levels in medium LDL	19
Triglyceride levels in medium VLDL	15
Triglyceride levels in small HDL	19
Triglyceride levels in small LDL	19
Triglyceride levels in small VLDL	18
Triglyceride levels in very large HDL	10
Triglyceride levels in very large VLDL	18
Triglyceride levels in very small VLDL	21
Triglyceride levels in VLDL	15
triglycerides	19
Triglycerides	24
Triglycerides in chylomicrons and extremely large VLDL	18
Triglycerides in chylomicrons and largest VLDL particles	4
Triglycerides in HDL	19
Triglycerides in IDL	21
Triglycerides in large HDL	10
Triglycerides in large LDL	18
Triglycerides in large VLDL	19
Triglycerides in LDL	20
Triglycerides in medium HDL	21
Triglycerides in medium LDL	20
Triglycerides in medium VLDL	15
Triglycerides in small HDL	21
Triglycerides in small LDL	20
Triglycerides in small VLDL	20
Triglycerides in very large HDL	19
Triglycerides in very large VLDL	19
Triglycerides in very small VLDL	22
Triglycerides in VLDL	15
Triglycerides to total lipids ratio in chylomicrons and extremely large VLDL	7
Triglycerides to total lipids ratio in IDL	19
Triglycerides to total lipids ratio in large HDL	20
Triglycerides to total lipids ratio in large LDL	17
Triglycerides to total lipids ratio in large VLDL	7
Triglycerides to total lipids ratio in medium HDL	19
Triglycerides to total lipids ratio in medium LDL	18
Triglycerides to total lipids ratio in medium VLDL	18
Triglycerides to total lipids ratio in small HDL	21
Triglycerides to total lipids ratio in small LDL	18
Triglycerides to total lipids ratio in small VLDL	14
Triglycerides to total lipids ratio in very large HDL	19
Triglycerides to total lipids ratio in very large VLDL	18
Triglycerides to total lipids ratio in very small VLDL	20
tRNA (guanine-N(7)-)-methyltransferase	1
Trunk fat mass	3
Trunk fat percentage	3
Trunk fat-free mass	5
Trunk predicted mass	5
Tuberculosis	1
Tubulin-specific chaperone A	4
Tuftelin	1
Tumor protein p53-inducible protein 11	1
Two-hour glucose	1
Type 2 diabetes	31
Type 2 diabetes (adjusted for BMI)	1
Type 2 diabetes with ophthalmic complications	1
Type 2 diabetes with other specified/multiple/unspecified complications	3
Type 2 diabetes without complications	3
Tyrosine	10
Tyrosine levels	10
Tyrosine-protein kinase receptor Tie-1	1
Ubiquitin-conjugating enzyme E2 G2	1
Uncharacterized protein C14orf93	1
Undefined dementia	2
Undefined dementia (more controls excluded)	2
unspecified	17
Unspecified dementia	2
unspecified"" (all cancers excluded)	8
Unstable angina pectoris	1
Urate	11
Urate levels	4
Urate levels (UKB data field 30880)	12
Urea	5
Urea levels (UKB data field 30670)	5
Urinary albumin excretion	2
Vacuolar protein sorting-associated protein 29	2
Valine--tRNA ligase	2
Varicose veins	1
varying definitions	4
Vascular dementia (F5_VASCDEM)	2
Vascular dementia (I9_VASCDEM)	2
Vascular dementia (multiple infarctations)	1
Vascular dementia (subcortical)	2
Vascular dementia (undefined)	2
Vascular endothelial growth factor receptor 2	1
Vascular endothelial growth factor receptor 3	1
Vascular/heart problems diagnosed by doctor: Angina	1
Vascular/heart problems diagnosed by doctor: Heart attack	1
Vascular/heart problems diagnosed by doctor: High blood pressure	3
Vascular/heart problems diagnosed by doctor: None of the above	4
Venous thromboembolism	3
Vitamin D	9
Vitamin D levels	2
Vitamin D levels (UKB data field 30890)	9
VLDL cholesterol	10
VLDL cholesterol levels	9
volume Left-Cerebellum-Cortex	2
von Willebrand factor measurement	1
von Willebrand factor type A	1
vWF levels	1
Waist circumference	4
Waist circumference (UKB data field 48)	4
Waist-hip ratio	4
Waist-to-hip ratio adjusted for BMI	1
Water consumption	3
Water consumption corrected for coffee	3
Water intake	3
Weight	14
Weight change compared with 1 year ago	2
wg_lh_intensity-contrast_fusiform	1
wg_lh_intensity-contrast_inferiortemporal	2
wg_lh_intensity-contrast_lateraloccipital	1
wg_lh_intensity-contrast_middletemporal	1
wg_lh_intensity-contrast_pericalcarine	2
wg_rh_intensity-contrast_bankssts	1
wg_rh_intensity-contrast_fusiform	2
wg_rh_intensity-contrast_inferiorparietal	1
wg_rh_intensity-contrast_inferiortemporal	2
wg_rh_intensity-contrast_lateraloccipital	1
wg_rh_intensity-contrast_middletemporal	2
wg_rh_intensity-contrast_pericalcarine	1
wg_rh_intensity-contrast_precuneus	1
wg_rh_intensity-contrast_superiortemporal	1
Wheeze or whistling in the chest in last year	7
White blood cell (leukocyte) count	10
white blood cell count	11
White blood cell count	12
White blood cell count (eosinophil)	11
White blood cell count (lymphocyte)	4
White blood cell count (monocyte)	4
White blood cell leukocyte count (UKB data field 30000)	10
Whole body fat mass	1
Whole body fat-free mass	5
Whole body water mass	5
wide definition	10
wide definition"" (more controls excluded)	2
with hip surgery	1
X-01911	1
X-11204	1
X-11317	2
X-11452	1
X-11593--O-methylascorbate*	1
X-12038	1
X-12231	1
X-12644	1
X-12645	1
X-12990--docosapentaenoic acid (n6-DPA)	7
Year ended full time education	1
Zinc finger protein 276	1
